fecha,peso
06:42 AM,4.600
06:42 AM,3.865
06:42 AM,4.500
06:42 AM,4.515
06:43 AM,4.715
06:43 AM,4.495
06:43 AM,4.615
06:43 AM,4.425
06:43 AM,4.405
06:43 AM,4.645
06:43 AM,4.605
06:43 AM,4.465
06:44 AM,4.585
06:44 AM,4.525
06:44 AM,4.615
06:44 AM,4.595
06:44 AM,4.590
06:44 AM,4.565
06:44 AM,4.695
06:44 AM,4.695
06:44 AM,4.405
06:45 AM,4.525
06:45 AM,4.515
06:45 AM,4.395
06:45 AM,4.605
06:45 AM,4.575
06:45 AM,4.620
06:45 AM,4.555
06:45 AM,4.685
06:45 AM,4.635
06:45 AM,4.545
06:45 AM,4.705
06:46 AM,4.605
06:46 AM,4.595
06:46 AM,4.580
06:46 AM,4.465
06:46 AM,4.555
06:46 AM,4.685
06:46 AM,4.580
06:46 AM,4.545
06:46 AM,4.595
06:46 AM,4.175
06:46 AM,4.475
06:47 AM,4.275
06:54 AM,4.575
06:54 AM,4.505
06:54 AM,4.525
06:54 AM,4.570
06:55 AM,4.225
06:55 AM,4.575
06:56 AM,4.445
06:56 AM,4.475
06:56 AM,4.465
06:56 AM,4.475
06:56 AM,4.605
06:56 AM,4.545
06:56 AM,4.325
06:56 AM,4.705
06:56 AM,4.565
06:56 AM,4.645
06:57 AM,4.505
06:57 AM,4.555
06:57 AM,4.415
06:57 AM,4.705
06:57 AM,4.655
06:57 AM,4.645
06:57 AM,4.595
06:57 AM,4.700
06:57 AM,4.535
06:57 AM,4.375
06:57 AM,4.385
06:57 AM,4.445
06:58 AM,4.390
06:58 AM,4.585
06:58 AM,4.495
06:58 AM,4.645
06:58 AM,4.505
06:58 AM,4.515
06:58 AM,4.505
06:58 AM,4.575
06:58 AM,4.575
06:58 AM,4.385
06:59 AM,4.560
06:59 AM,4.635
06:59 AM,4.675
06:59 AM,4.455
06:59 AM,4.415
06:59 AM,4.455
06:59 AM,4.525
06:59 AM,4.615
06:59 AM,4.480
06:59 AM,4.695
06:59 AM,4.495
06:59 AM,4.665
07:00 AM,4.805
07:00 AM,4.585
07:00 AM,4.555
07:00 AM,4.475
07:00 AM,4.555
07:00 AM,4.755
07:00 AM,4.325
07:00 AM,4.515
07:00 AM,4.505
07:00 AM,4.405
07:00 AM,4.685
07:01 AM,4.720
07:01 AM,4.715
07:01 AM,4.665
07:01 AM,4.485
07:01 AM,4.545
07:01 AM,4.705
07:01 AM,4.765
07:01 AM,4.615
07:01 AM,4.195
07:01 AM,4.615
07:02 AM,4.555
07:02 AM,4.325
07:02 AM,4.695
07:02 AM,4.555
07:04 AM,4.550
07:04 AM,4.615
07:04 AM,4.685
07:04 AM,4.695
07:04 AM,4.505
07:04 AM,4.495
07:04 AM,4.455
07:04 AM,4.595
07:04 AM,4.485
07:04 AM,4.405
07:04 AM,4.545
07:04 AM,4.625
07:04 AM,4.445
07:05 AM,4.425
07:05 AM,4.685
07:05 AM,4.500
07:05 AM,4.535
07:05 AM,4.445
07:05 AM,4.515
07:05 AM,4.465
07:05 AM,4.595
07:05 AM,4.495
07:06 AM,4.535
07:06 AM,4.535
07:06 AM,4.515
07:11 AM,4.785
07:11 AM,4.435
07:11 AM,4.765
07:11 AM,4.745
07:11 AM,4.615
07:11 AM,4.475
07:12 AM,4.415
07:12 AM,4.665
07:12 AM,4.655
07:12 AM,4.575
07:12 AM,4.715
07:12 AM,4.575
07:12 AM,4.625
07:12 AM,4.485
07:12 AM,4.625
07:12 AM,4.495
07:12 AM,4.625
07:12 AM,4.825
07:12 AM,4.415
07:13 AM,4.555
07:13 AM,4.365
07:13 AM,4.555
07:13 AM,4.545
07:13 AM,4.580
07:13 AM,4.305
07:13 AM,4.535
07:13 AM,4.635
07:13 AM,4.790
07:13 AM,4.585
07:13 AM,4.805
07:14 AM,4.785
07:14 AM,4.535
07:14 AM,4.555
07:14 AM,4.555
07:14 AM,4.645
07:14 AM,4.525
07:14 AM,4.265
07:14 AM,4.760
07:14 AM,4.515
07:14 AM,4.495
07:14 AM,4.514
07:15 AM,4.720
07:15 AM,4.610
07:15 AM,4.695
07:15 AM,4.625
07:15 AM,4.415
07:15 AM,4.730
07:15 AM,4.555
07:15 AM,4.575
07:15 AM,4.595
07:15 AM,4.445
07:15 AM,4.695
07:16 AM,4.375
07:16 AM,4.615
07:16 AM,4.405
07:16 AM,4.565
07:16 AM,4.625
07:16 AM,4.505
07:16 AM,4.365
07:16 AM,4.425
07:16 AM,4.505
07:16 AM,4.705
07:16 AM,4.535
07:16 AM,4.555
07:17 AM,4.515
07:18 AM,4.155
07:18 AM,4.490
07:19 AM,4.355
07:19 AM,4.555
07:19 AM,4.695
07:19 AM,4.195
07:19 AM,4.465
07:19 AM,4.585
07:19 AM,4.245
07:19 AM,4.095
07:19 AM,4.770
07:19 AM,4.265
07:19 AM,4.655
07:19 AM,4.665
07:19 AM,4.595
07:19 AM,4.865
07:19 AM,4.455
07:19 AM,4.715
07:20 AM,4.455
07:20 AM,4.555
07:20 AM,4.355
07:20 AM,4.055
07:20 AM,4.485
07:20 AM,4.655
07:20 AM,4.665
07:20 AM,4.585
07:20 AM,4.445
07:20 AM,4.495
07:20 AM,4.514
07:20 AM,4.555
07:21 AM,4.535
07:21 AM,4.635
07:21 AM,4.295
07:21 AM,4.435
07:21 AM,4.515
07:21 AM,4.445
07:21 AM,4.495
07:21 AM,4.645
07:21 AM,4.225
07:21 AM,4.485
07:21 AM,4.505
07:21 AM,4.645
07:22 AM,4.495
07:22 AM,4.265
07:22 AM,4.605
07:22 AM,4.585
07:22 AM,4.335
07:22 AM,4.575
07:22 AM,4.575
07:22 AM,4.795
07:29 AM,4.445
07:29 AM,4.535
07:34 AM,3.655
07:34 AM,3.415
07:34 AM,3.385
07:34 AM,3.465
07:35 AM,3.325
07:35 AM,3.375
07:35 AM,3.455
07:35 AM,3.400
07:35 AM,3.455
07:35 AM,3.235
07:35 AM,3.295
07:35 AM,3.465
07:35 AM,3.335
07:35 AM,3.475
07:35 AM,3.415
07:35 AM,3.475
07:35 AM,3.355
07:35 AM,3.230
07:35 AM,3.405
07:36 AM,3.435
07:36 AM,3.435
07:36 AM,3.475
07:36 AM,3.420
07:36 AM,3.375
07:36 AM,3.405
07:36 AM,3.580
07:36 AM,3.335
07:36 AM,3.405
07:36 AM,3.545
07:36 AM,3.465
07:36 AM,3.435
07:36 AM,3.575
07:36 AM,3.275
07:36 AM,3.335
07:36 AM,3.525
07:37 AM,3.265
07:37 AM,3.435
07:37 AM,3.495
07:37 AM,3.455
07:37 AM,3.365
07:37 AM,3.265
07:37 AM,3.485
07:37 AM,3.445
07:37 AM,3.385
07:37 AM,3.355
07:37 AM,3.435
07:37 AM,3.315
07:37 AM,3.275
07:37 AM,3.375
07:37 AM,3.475
07:37 AM,3.155
07:37 AM,3.575
07:37 AM,3.375
07:37 AM,3.495
07:38 AM,3.225
07:38 AM,3.460
07:38 AM,3.555
07:38 AM,3.505
07:38 AM,3.485
07:38 AM,3.405
07:38 AM,3.355
07:38 AM,3.325
07:38 AM,3.385
07:38 AM,3.285
07:38 AM,3.415
07:39 AM,3.515
07:39 AM,3.285
07:39 AM,3.425
07:39 AM,3.465
07:39 AM,3.335
07:39 AM,3.455
07:39 AM,3.305
07:39 AM,3.425
07:39 AM,3.365
07:39 AM,3.505
07:39 AM,3.325
07:39 AM,3.535
07:39 AM,3.345
07:39 AM,3.415
07:39 AM,3.555
07:40 AM,3.355
07:40 AM,3.425
07:40 AM,3.485
07:40 AM,3.445
07:40 AM,3.345
07:40 AM,3.455
07:40 AM,3.515
07:40 AM,3.525
07:40 AM,3.675
07:40 AM,3.395
07:40 AM,3.465
07:40 AM,3.375
07:40 AM,3.485
07:40 AM,3.525
07:40 AM,3.285
07:41 AM,3.585
07:41 AM,3.375
07:41 AM,3.365
07:41 AM,3.295
07:41 AM,3.425
07:41 AM,3.535
07:41 AM,3.375
07:41 AM,3.345
07:41 AM,3.345
07:41 AM,3.265
07:41 AM,3.465
07:41 AM,3.295
07:41 AM,3.495
07:41 AM,3.425
07:41 AM,3.455
07:41 AM,3.385
07:42 AM,3.245
07:42 AM,3.345
07:42 AM,3.455
07:42 AM,3.265
07:42 AM,3.425
07:45 AM,3.395
07:45 AM,3.275
07:45 AM,3.325
07:45 AM,3.385
07:45 AM,3.345
07:45 AM,3.545
07:45 AM,3.475
07:45 AM,3.405
07:45 AM,3.605
07:45 AM,3.425
07:45 AM,3.475
07:45 AM,3.355
07:45 AM,3.375
07:46 AM,3.465
07:46 AM,3.415
07:46 AM,3.445
07:46 AM,3.315
07:46 AM,3.445
07:46 AM,3.345
07:46 AM,3.425
07:46 AM,3.535
07:46 AM,3.395
07:46 AM,3.405
07:46 AM,3.565
07:46 AM,3.475
07:46 AM,3.505
07:46 AM,3.375
07:46 AM,3.445
07:46 AM,3.415
07:46 AM,3.420
07:46 AM,3.415
07:47 AM,3.465
07:47 AM,3.360
07:47 AM,3.465
07:47 AM,3.245
07:47 AM,3.515
07:47 AM,3.355
07:47 AM,3.405
07:47 AM,3.375
07:47 AM,3.425
07:47 AM,3.345
07:47 AM,3.295
07:47 AM,3.355
07:47 AM,3.495
07:47 AM,3.465
07:47 AM,3.335
07:47 AM,3.460
07:47 AM,3.565
07:48 AM,3.265
07:48 AM,3.485
07:48 AM,3.390
07:48 AM,3.195
07:48 AM,3.415
07:48 AM,3.645
07:48 AM,3.465
07:48 AM,3.505
07:48 AM,3.210
07:48 AM,3.365
07:48 AM,3.495
07:48 AM,3.475
07:48 AM,3.375
07:48 AM,3.535
07:48 AM,3.455
07:48 AM,3.455
07:48 AM,3.305
07:48 AM,3.425
07:48 AM,3.425
07:48 AM,3.345
07:49 AM,3.385
07:49 AM,3.485
07:49 AM,3.395
07:49 AM,3.425
07:49 AM,3.440
07:49 AM,3.335
07:49 AM,3.385
07:49 AM,3.435
07:49 AM,3.445
07:49 AM,3.475
07:49 AM,3.575
07:49 AM,3.315
07:49 AM,3.275
07:49 AM,3.445
07:49 AM,3.295
07:50 AM,3.340
07:50 AM,3.445
07:50 AM,3.525
07:50 AM,3.325
07:50 AM,3.245
07:50 AM,3.505
07:50 AM,3.465
07:50 AM,3.355
07:50 AM,3.505
07:50 AM,3.305
07:53 AM,3.465
07:53 AM,3.445
07:53 AM,3.615
07:53 AM,3.385
07:53 AM,3.515
07:53 AM,3.475
07:53 AM,3.245
07:53 AM,3.455
07:53 AM,3.305
07:53 AM,3.425
07:53 AM,3.425
07:53 AM,3.335
07:53 AM,3.385
07:53 AM,3.275
07:53 AM,3.425
07:53 AM,3.565
07:53 AM,3.415
07:53 AM,3.570
07:53 AM,3.415
07:54 AM,3.415
07:54 AM,3.335
07:54 AM,3.405
07:54 AM,3.315
07:54 AM,3.465
07:54 AM,3.485
07:54 AM,3.465
07:54 AM,3.465
07:54 AM,3.325
07:54 AM,3.535
07:54 AM,3.285
07:54 AM,3.365
07:54 AM,3.565
07:54 AM,3.425
07:54 AM,3.485
07:54 AM,3.445
07:54 AM,3.445
07:55 AM,3.415
07:55 AM,3.445
07:55 AM,3.565
07:55 AM,3.435
07:55 AM,3.485
07:55 AM,3.255
07:55 AM,3.435
07:55 AM,3.610
07:55 AM,3.485
07:55 AM,3.755
07:55 AM,3.475
07:55 AM,3.355
07:55 AM,3.405
07:55 AM,3.495
07:55 AM,3.305
07:55 AM,3.245
07:55 AM,3.515
07:55 AM,3.405
07:55 AM,3.745
07:55 AM,3.485
07:55 AM,3.355
07:56 AM,3.165
07:56 AM,3.215
07:58 AM,3.435
07:58 AM,3.545
07:58 AM,3.285
07:58 AM,3.485
07:58 AM,3.225
07:58 AM,3.505
07:58 AM,3.455
07:58 AM,3.425
07:58 AM,3.265
07:58 AM,3.465
07:58 AM,3.375
07:58 AM,3.435
07:58 AM,3.365
07:58 AM,3.145
07:58 AM,3.505
07:58 AM,3.455
07:58 AM,3.475
07:58 AM,3.365
07:58 AM,3.315
07:58 AM,3.335
07:58 AM,3.245
07:59 AM,3.325
07:59 AM,3.355
07:59 AM,3.420
07:59 AM,3.375
07:59 AM,3.195
07:59 AM,3.395
07:59 AM,3.375
07:59 AM,3.225
07:59 AM,3.251
07:59 AM,3.505
07:59 AM,3.505
07:59 AM,3.375
07:59 AM,3.515
07:59 AM,3.335
08:00 AM,3.505
08:00 AM,3.405
08:00 AM,3.405
08:00 AM,3.225
08:00 AM,3.374
08:00 AM,3.355
08:00 AM,3.475
08:00 AM,3.415
08:00 AM,3.555
08:00 AM,3.315
08:00 AM,3.435
08:00 AM,3.435
08:00 AM,3.375
08:00 AM,3.565
08:00 AM,3.435
08:00 AM,3.415
08:01 AM,3.315
08:01 AM,3.355
08:01 AM,3.285
08:01 AM,3.515
08:01 AM,3.335
08:01 AM,3.545
08:01 AM,3.625
08:01 AM,3.465
08:01 AM,3.485
08:01 AM,3.515
08:01 AM,3.295
08:01 AM,3.495
08:01 AM,3.445
08:01 AM,3.515
08:01 AM,3.295
08:01 AM,3.305
08:01 AM,3.385
08:02 AM,3.445
08:02 AM,3.215
08:02 AM,3.545
08:02 AM,3.625
08:02 AM,3.465
08:02 AM,3.355
08:02 AM,3.385
08:02 AM,3.500
08:02 AM,3.325
08:02 AM,3.415
08:02 AM,3.455
08:02 AM,3.425
08:02 AM,3.420
08:02 AM,3.305
08:03 AM,3.305
08:03 AM,3.265
08:03 AM,3.435
08:03 AM,3.535
08:03 AM,3.285
08:03 AM,3.245
08:03 AM,3.435
08:03 AM,3.485
08:03 AM,3.285
08:03 AM,3.525
08:12 AM,3.315
08:12 AM,3.455
08:12 AM,3.305
08:12 AM,3.485
08:12 AM,3.445
08:12 AM,3.235
08:13 AM,3.445
08:13 AM,3.465
08:13 AM,3.405
08:13 AM,3.345
08:13 AM,3.445
08:13 AM,3.375
08:14 AM,3.375
08:14 AM,3.475
08:14 AM,3.455
08:14 AM,3.305
08:14 AM,3.265
08:14 AM,3.395
08:14 AM,3.425
08:14 AM,3.345
08:14 AM,3.505
08:15 AM,3.295
08:15 AM,3.380
08:15 AM,3.415
08:15 AM,3.265
08:15 AM,3.445
08:15 AM,3.445
08:15 AM,3.485
08:15 AM,3.415
08:15 AM,3.340
08:15 AM,3.365
08:15 AM,3.445
08:15 AM,3.255
08:15 AM,3.465
08:15 AM,3.435
08:15 AM,3.425
08:15 AM,3.355
08:15 AM,3.590
08:15 AM,3.565
08:16 AM,3.275
08:16 AM,3.455
08:16 AM,3.415
08:16 AM,3.305
08:16 AM,3.395
08:16 AM,3.395
08:16 AM,3.375
08:16 AM,3.405
08:16 AM,3.305
08:16 AM,3.285
08:16 AM,3.285
08:16 AM,3.485
08:16 AM,3.395
08:16 AM,3.460
08:16 AM,3.285
08:17 AM,3.515
08:17 AM,3.395
08:17 AM,3.425
08:17 AM,3.525
08:17 AM,3.465
08:17 AM,3.515
08:25 AM,2.020
08:25 AM,2.025
08:25 AM,2.135
08:25 AM,2.065
08:25 AM,2.195
08:25 AM,1.985
08:25 AM,2.155
08:26 AM,2.175
08:26 AM,2.020
08:26 AM,2.115
08:26 AM,2.120
08:26 AM,2.245
08:26 AM,2.175
08:26 AM,2.145
08:26 AM,2.195
08:26 AM,2.355
08:26 AM,2.305
08:26 AM,2.265
08:26 AM,2.265
08:26 AM,2.105
08:26 AM,2.365
08:26 AM,1.965
08:26 AM,2.165
08:26 AM,2.025
08:26 AM,2.075
08:26 AM,2.195
08:26 AM,2.235
08:27 AM,2.245
08:27 AM,2.275
08:27 AM,2.195
08:27 AM,2.075
08:27 AM,2.145
08:27 AM,2.155
08:27 AM,2.195
08:27 AM,2.205
08:27 AM,2.365
08:27 AM,2.230
08:27 AM,2.085
08:27 AM,2.180
08:27 AM,2.255
08:27 AM,2.415
08:27 AM,2.075
08:27 AM,2.085
08:27 AM,2.005
08:27 AM,2.255
08:27 AM,2.110
08:28 AM,2.125
08:28 AM,2.125
08:28 AM,2.195
08:28 AM,2.310
08:28 AM,2.225
08:28 AM,2.085
08:28 AM,2.115
08:29 AM,4.435
08:29 AM,2.175
08:29 AM,2.035
08:29 AM,2.105
08:29 AM,2.175
08:29 AM,2.095
08:29 AM,1.975
08:30 AM,2.115
08:30 AM,2.115
08:30 AM,2.225
08:30 AM,2.175
08:30 AM,2.275
08:30 AM,2.365
08:30 AM,2.135
08:30 AM,2.375
08:30 AM,2.295
08:30 AM,2.205
08:31 AM,1.975
08:31 AM,2.175
08:31 AM,2.265
08:31 AM,2.095
08:31 AM,2.390
08:31 AM,2.255
08:31 AM,2.290
08:31 AM,2.075
08:31 AM,2.165
08:31 AM,2.270
08:31 AM,2.295
08:31 AM,2.035
08:31 AM,2.345
08:32 AM,2.115
08:32 AM,2.085
08:32 AM,2.215
08:32 AM,2.085
08:32 AM,2.185
08:32 AM,2.040
08:32 AM,2.245
08:32 AM,2.215
08:32 AM,2.225
08:32 AM,2.035
08:32 AM,2.325
08:32 AM,2.275
08:32 AM,2.015
08:32 AM,2.215
08:32 AM,2.255
08:33 AM,2.075
08:33 AM,2.195
08:33 AM,2.085
08:33 AM,2.185
08:33 AM,2.195
08:33 AM,2.225
08:33 AM,2.115
08:33 AM,2.205
08:33 AM,2.165
08:33 AM,2.325
08:33 AM,2.055
08:33 AM,2.155
08:33 AM,2.325
08:33 AM,2.085
08:33 AM,2.265
08:33 AM,2.155
08:33 AM,2.255
08:33 AM,2.175
08:34 AM,2.055
08:34 AM,2.305
08:34 AM,2.165
08:34 AM,2.195
08:34 AM,2.195
08:34 AM,2.245
08:34 AM,2.210
08:34 AM,2.195
08:34 AM,2.185
08:34 AM,2.285
08:34 AM,2.185
08:34 AM,2.165
08:34 AM,2.065
08:34 AM,2.165
08:35 AM,2.155
08:35 AM,2.105
08:35 AM,2.135
08:35 AM,2.215
08:35 AM,2.385
08:35 AM,2.305
08:35 AM,2.035
08:35 AM,2.255
08:35 AM,2.285
08:35 AM,2.055
08:35 AM,1.945
08:35 AM,2.275
08:35 AM,2.105
08:35 AM,2.085
08:35 AM,2.160
08:35 AM,2.370
08:35 AM,2.374
08:36 AM,2.135
08:36 AM,2.325
08:36 AM,2.355
08:36 AM,2.245
08:36 AM,2.265
08:36 AM,2.225
08:36 AM,2.275
08:36 AM,2.035
08:36 AM,2.165
08:36 AM,2.345
08:36 AM,2.125
08:36 AM,2.235
08:36 AM,2.355
08:36 AM,2.285
08:37 AM,2.225
08:37 AM,2.345
08:37 AM,1.965
08:37 AM,2.205
08:37 AM,2.315
08:37 AM,2.235
08:37 AM,2.225
08:37 AM,2.285
08:37 AM,2.155
08:37 AM,2.085
08:37 AM,2.265
08:37 AM,2.025
08:37 AM,2.265
08:37 AM,2.115
08:37 AM,2.035
08:37 AM,2.085
08:38 AM,2.145
08:38 AM,2.271
08:38 AM,2.175
08:38 AM,2.185
08:38 AM,2.155
08:38 AM,2.305
08:38 AM,2.125
08:38 AM,2.375
08:38 AM,2.245
08:38 AM,2.175
08:38 AM,2.195
08:38 AM,2.160
08:38 AM,2.295
08:38 AM,2.325
08:38 AM,2.345
08:38 AM,2.195
08:38 AM,2.245
08:39 AM,2.165
08:39 AM,2.185
08:39 AM,2.270
08:39 AM,2.155
08:39 AM,2.255
08:39 AM,2.155
08:39 AM,2.255
08:39 AM,2.165
08:39 AM,2.295
08:39 AM,2.255
08:39 AM,2.145
08:39 AM,2.110
08:39 AM,2.235
08:39 AM,2.135
08:39 AM,2.125
08:39 AM,2.085
08:39 AM,2.230
08:39 AM,2.215
08:40 AM,2.275
08:40 AM,2.145
08:40 AM,2.035
08:40 AM,2.185
08:40 AM,2.225
08:40 AM,2.155
08:40 AM,2.345
08:40 AM,2.065
08:40 AM,2.205
08:41 AM,2.295
08:41 AM,2.285
08:41 AM,2.135
08:41 AM,2.165
08:43 AM,2.345
08:43 AM,2.255
08:43 AM,2.165
08:43 AM,2.135
08:43 AM,2.365
08:43 AM,2.215
08:43 AM,2.255
08:43 AM,2.085
08:43 AM,2.320
08:43 AM,2.205
08:43 AM,2.065
08:43 AM,2.185
08:43 AM,2.105
08:43 AM,2.385
08:44 AM,2.165
08:44 AM,2.215
08:48 AM,2.245
08:48 AM,2.295
08:48 AM,2.135
08:48 AM,2.265
08:48 AM,2.055
08:48 AM,2.195
08:48 AM,2.295
08:48 AM,2.295
08:48 AM,2.185
08:48 AM,2.225
08:48 AM,2.095
08:48 AM,2.235
08:48 AM,2.195
08:48 AM,2.265
08:49 AM,2.160
08:49 AM,2.185
08:49 AM,2.315
08:49 AM,2.195
08:49 AM,2.195
08:49 AM,2.305
08:49 AM,2.185
08:49 AM,2.205
08:49 AM,2.295
08:49 AM,2.115
08:49 AM,2.220
08:49 AM,2.155
08:49 AM,2.335
08:49 AM,2.215
08:49 AM,2.105
08:49 AM,2.085
08:49 AM,2.190
08:50 AM,2.265
08:50 AM,2.115
08:50 AM,2.095
08:50 AM,2.210
08:50 AM,2.135
08:50 AM,2.155
08:50 AM,2.115
08:50 AM,2.255
08:50 AM,2.155
08:50 AM,2.145
08:50 AM,2.205
08:50 AM,2.255
08:50 AM,2.195
08:50 AM,2.165
08:50 AM,2.105
08:50 AM,2.135
08:51 AM,2.115
08:51 AM,2.365
08:51 AM,2.315
08:51 AM,2.195
08:51 AM,2.235
08:51 AM,2.195
08:51 AM,2.195
08:51 AM,2.095
08:51 AM,2.295
08:51 AM,2.025
08:51 AM,2.195
08:51 AM,2.244
08:51 AM,2.305
08:51 AM,2.375
08:51 AM,2.235
08:52 AM,2.235
08:52 AM,2.265
08:52 AM,2.115
08:52 AM,2.145
08:52 AM,2.205
08:52 AM,2.245
08:52 AM,2.335
08:52 AM,2.295
08:52 AM,2.235
08:52 AM,2.245
08:52 AM,2.075
08:52 AM,2.115
08:52 AM,2.335
08:52 AM,2.195
08:52 AM,2.195
08:52 AM,2.265
08:52 AM,2.155
08:52 AM,2.185
08:53 AM,2.295
08:53 AM,2.115
08:53 AM,2.405
08:53 AM,2.205
08:53 AM,2.235
08:53 AM,2.155
08:53 AM,2.305
08:53 AM,2.195
08:53 AM,2.105
08:53 AM,2.175
08:53 AM,2.205
08:53 AM,2.245
08:53 AM,2.235
08:53 AM,2.125
08:53 AM,2.215
08:53 AM,1.985
08:54 AM,2.215
08:54 AM,2.005
08:54 AM,2.025
08:54 AM,2.125
08:54 AM,2.175
08:54 AM,2.255
08:54 AM,1.995
08:54 AM,2.185
08:54 AM,2.355
08:54 AM,2.070
08:54 AM,2.295
08:54 AM,2.035
08:54 AM,2.295
08:54 AM,2.295
08:54 AM,2.115
08:54 AM,2.205
08:54 AM,1.965
08:54 AM,2.175
08:55 AM,2.095
08:55 AM,2.245
08:55 AM,2.340
08:55 AM,2.275
08:55 AM,2.055
08:55 AM,2.165
08:55 AM,2.255
08:55 AM,2.275
08:55 AM,2.265
08:55 AM,2.335
08:55 AM,2.335
08:55 AM,2.275
08:55 AM,2.135
08:55 AM,2.125
08:55 AM,2.065
08:55 AM,2.255
08:56 AM,1.995
08:56 AM,2.225
08:56 AM,2.245
08:56 AM,2.205
08:56 AM,2.215
08:56 AM,1.955
08:56 AM,2.165
08:56 AM,2.155
08:56 AM,2.145
08:56 AM,2.135
08:56 AM,2.205
08:56 AM,2.075
08:56 AM,2.135
08:56 AM,2.285
08:56 AM,2.170
08:56 AM,2.105
08:56 AM,2.225
08:57 AM,2.070
08:57 AM,2.355
08:57 AM,2.145
08:57 AM,2.185
08:57 AM,2.135
08:57 AM,2.245
08:57 AM,2.205
08:57 AM,2.115
08:57 AM,2.070
08:57 AM,2.245
08:57 AM,2.235
08:57 AM,2.125
08:57 AM,2.355
08:57 AM,2.015
08:58 AM,2.215
08:58 AM,2.275
08:58 AM,2.085
08:58 AM,2.205
08:58 AM,2.135
08:58 AM,2.275
08:58 AM,2.205
08:58 AM,2.255
08:58 AM,2.230
08:58 AM,2.135
08:58 AM,2.035
08:58 AM,2.025
08:58 AM,2.215
08:58 AM,2.185
08:58 AM,2.235
08:58 AM,2.095
08:58 AM,2.305
08:59 AM,2.155
08:59 AM,2.145
08:59 AM,2.135
08:59 AM,2.165
08:59 AM,2.175
08:59 AM,2.145
08:59 AM,1.995
08:59 AM,2.245
08:59 AM,2.125
08:59 AM,2.305
08:59 AM,2.135
08:59 AM,2.105
08:59 AM,2.135
08:59 AM,2.245
08:59 AM,2.165
08:59 AM,2.285
08:59 AM,2.195
08:59 AM,2.165
09:00 AM,2.195
09:00 AM,2.155
09:00 AM,2.285
09:00 AM,2.365
09:00 AM,2.265
09:00 AM,2.295
09:00 AM,2.175
09:00 AM,2.295
09:00 AM,2.145
09:00 AM,2.215
09:00 AM,2.230
09:00 AM,2.155
09:03 AM,2.235
09:03 AM,2.195
09:03 AM,2.145
09:03 AM,2.215
09:03 AM,2.205
09:03 AM,2.145
09:03 AM,2.185
09:03 AM,1.965
09:03 AM,2.215
09:03 AM,1.995
09:03 AM,2.045
09:03 AM,2.245
09:03 AM,2.005
09:04 AM,2.335
09:04 AM,2.145
09:04 AM,2.165
09:04 AM,2.185
09:04 AM,2.225
09:04 AM,2.245
09:04 AM,2.365
09:04 AM,2.285
09:04 AM,2.305
09:04 AM,2.225
09:04 AM,2.305
09:04 AM,2.085
09:04 AM,2.145
09:04 AM,2.235
09:04 AM,2.225
09:05 AM,2.321
09:05 AM,2.145
09:05 AM,2.245
09:05 AM,2.245
09:10 AM,2.105
09:10 AM,2.145
09:10 AM,2.355
09:10 AM,2.215
09:10 AM,2.305
09:11 AM,2.185
09:11 AM,2.235
09:11 AM,2.215
09:11 AM,2.175
09:11 AM,2.155
09:11 AM,2.215
09:11 AM,2.235
09:11 AM,2.195
09:11 AM,2.255
09:11 AM,2.245
09:11 AM,2.125
09:11 AM,2.285
09:11 AM,2.115
09:12 AM,2.245
09:12 AM,2.175
09:12 AM,2.215
09:12 AM,2.065
09:12 AM,2.115
09:12 AM,2.065
09:12 AM,2.235
09:12 AM,2.235
09:12 AM,2.085
09:12 AM,2.245
09:12 AM,2.115
09:12 AM,2.325
09:12 AM,2.275
09:12 AM,2.215
09:12 AM,2.060
09:12 AM,2.085
09:13 AM,2.115
09:13 AM,2.355
09:13 AM,2.285
09:13 AM,2.255
09:13 AM,2.275
09:13 AM,2.185
09:13 AM,2.035
09:13 AM,2.210
09:13 AM,2.075
09:13 AM,2.385
09:13 AM,2.255
09:13 AM,2.195
09:13 AM,2.175
09:13 AM,2.360
09:13 AM,2.215
09:13 AM,2.185
09:14 AM,2.165
09:14 AM,1.990
09:14 AM,2.185
09:14 AM,2.305
09:14 AM,2.035
09:14 AM,2.115
09:14 AM,2.365
09:14 AM,2.265
09:14 AM,2.255
09:14 AM,2.275
09:14 AM,2.135
09:14 AM,2.205
09:14 AM,2.085
09:14 AM,2.255
09:14 AM,2.295
09:14 AM,2.125
09:15 AM,2.335
09:15 AM,2.035
09:15 AM,1.965
09:15 AM,2.135
09:15 AM,2.155
09:15 AM,2.225
09:15 AM,2.165
09:15 AM,2.075
09:15 AM,2.265
09:15 AM,2.270
09:15 AM,2.215
09:15 AM,2.065
09:15 AM,2.355
09:15 AM,2.255
09:15 AM,2.150
09:15 AM,2.215
09:16 AM,2.375
09:16 AM,2.185
09:16 AM,2.225
09:16 AM,2.255
09:18 AM,2.255
09:18 AM,2.220
09:19 AM,2.245
09:19 AM,2.275
09:19 AM,2.145
09:19 AM,2.135
09:19 AM,2.125
09:19 AM,2.225
09:19 AM,2.075
09:19 AM,2.215
09:19 AM,2.185
09:19 AM,1.995
09:19 AM,2.215
09:19 AM,2.375
09:19 AM,2.185
09:19 AM,2.145
09:20 AM,2.235
09:20 AM,2.225
09:20 AM,2.155
09:20 AM,2.215
09:20 AM,2.235
09:20 AM,1.900
09:20 AM,2.155
09:20 AM,2.125
09:20 AM,2.135
09:20 AM,2.185
09:20 AM,2.105
09:20 AM,2.035
09:20 AM,2.135
09:20 AM,2.055
09:20 AM,2.195
09:21 AM,2.205
09:21 AM,2.145
09:21 AM,2.135
09:21 AM,2.295
09:21 AM,2.365
09:21 AM,2.285
09:21 AM,2.225
09:21 AM,2.195
09:21 AM,2.165
09:21 AM,2.085
09:21 AM,2.285
09:21 AM,2.175
09:21 AM,2.085
09:21 AM,2.295
09:22 AM,2.215
09:22 AM,2.265
09:22 AM,2.235
09:22 AM,2.285
09:22 AM,2.265
09:22 AM,2.045
09:22 AM,2.210
09:22 AM,2.285
09:22 AM,2.305
09:22 AM,2.265
09:22 AM,2.015
09:22 AM,2.225
09:22 AM,2.235
09:22 AM,2.225
09:22 AM,1.945
09:23 AM,2.200
09:23 AM,2.235
09:23 AM,2.145
09:23 AM,2.365
09:23 AM,2.055
09:23 AM,1.985
09:23 AM,2.165
09:23 AM,2.075
09:23 AM,2.165
09:23 AM,2.285
09:23 AM,2.165
09:23 AM,2.205
09:23 AM,2.035
09:23 AM,2.085
09:23 AM,2.135
09:23 AM,2.145
09:24 AM,2.105
09:24 AM,2.265
09:24 AM,1.945
09:24 AM,2.265
09:24 AM,2.225
09:24 AM,2.315
09:24 AM,2.370
09:24 AM,2.215
09:24 AM,2.245
09:24 AM,2.190
09:24 AM,2.215
09:24 AM,2.135
09:24 AM,2.385
09:24 AM,2.215
09:24 AM,2.075
09:24 AM,2.115
09:24 AM,2.265
09:25 AM,2.000
09:25 AM,2.255
09:25 AM,2.145
09:25 AM,2.055
09:25 AM,2.145
09:25 AM,2.165
09:25 AM,2.205
09:25 AM,2.415
09:25 AM,2.205
09:25 AM,2.115
09:25 AM,2.125
09:25 AM,2.265
09:25 AM,2.325
09:25 AM,2.145
09:25 AM,2.215
09:25 AM,2.185
09:25 AM,2.130
09:25 AM,2.135
09:25 AM,2.090
09:26 AM,2.015
09:26 AM,2.125
09:26 AM,2.225
09:26 AM,2.255
09:26 AM,2.165
09:26 AM,2.365
09:26 AM,2.235
09:26 AM,2.175
09:26 AM,2.435
09:26 AM,2.245
09:26 AM,2.185
09:26 AM,2.175
09:26 AM,2.325
09:26 AM,2.045
09:26 AM,2.025
09:26 AM,2.410
09:26 AM,2.195
09:26 AM,2.275
09:26 AM,2.165
09:27 AM,2.145
09:27 AM,2.325
09:27 AM,1.975
09:27 AM,2.185
09:27 AM,2.135
09:27 AM,2.125
09:27 AM,2.195
09:27 AM,2.225
09:28 AM,2.095
09:28 AM,2.115
09:28 AM,2.105
09:28 AM,2.065
09:28 AM,2.295
09:28 AM,2.135
09:28 AM,1.985
09:28 AM,2.145
09:28 AM,2.135
09:28 AM,2.085
09:28 AM,2.055
09:29 AM,2.015
09:29 AM,2.225
09:29 AM,2.215
09:29 AM,2.285
09:33 AM,2.205
09:33 AM,2.205
09:33 AM,2.085
09:33 AM,2.225
09:33 AM,2.365
09:33 AM,2.225
09:33 AM,2.145
09:33 AM,2.305
09:33 AM,2.295
09:33 AM,2.165
09:34 AM,2.215
09:34 AM,2.255
09:34 AM,2.200
09:34 AM,2.095
09:34 AM,2.255
09:34 AM,2.145
09:34 AM,2.075
09:34 AM,2.175
09:34 AM,2.025
09:34 AM,2.235
09:34 AM,2.235
09:34 AM,2.175
09:35 AM,2.070
09:35 AM,2.165
09:36 AM,2.025
09:36 AM,2.325
09:36 AM,2.285
09:36 AM,2.055
09:36 AM,2.215
09:36 AM,2.115
09:36 AM,2.085
09:36 AM,2.085
09:36 AM,2.045
09:36 AM,2.205
09:36 AM,2.010
09:36 AM,2.095
09:37 AM,2.045
09:37 AM,2.135
09:37 AM,2.295
09:37 AM,2.175
09:37 AM,2.045
09:37 AM,1.905
09:37 AM,2.215
09:37 AM,2.175
09:37 AM,2.195
09:37 AM,2.255
09:37 AM,2.155
09:37 AM,2.180
09:37 AM,2.205
09:37 AM,2.105
09:37 AM,2.115
09:37 AM,2.175
09:37 AM,2.000
09:38 AM,2.105
09:38 AM,2.105
09:38 AM,2.170
09:38 AM,2.035
09:38 AM,2.085
09:38 AM,2.125
09:38 AM,1.985
09:38 AM,2.155
09:38 AM,2.030
09:38 AM,2.025
09:38 AM,2.225
09:38 AM,2.195
09:38 AM,2.145
09:38 AM,2.075
09:38 AM,2.095
09:38 AM,2.145
09:38 AM,1.945
09:39 AM,2.115
09:39 AM,2.144
09:39 AM,2.125
09:39 AM,2.055
09:39 AM,2.165
09:39 AM,2.100
09:39 AM,2.165
09:39 AM,2.125
09:39 AM,2.045
09:39 AM,2.185
09:39 AM,2.065
09:39 AM,2.135
09:39 AM,2.225
09:39 AM,1.945
09:39 AM,2.005
09:39 AM,2.285
09:39 AM,2.245
09:39 AM,2.135
09:40 AM,2.155
09:40 AM,2.285
09:40 AM,2.095
09:40 AM,2.315
09:40 AM,2.045
09:40 AM,2.165
09:40 AM,2.105
09:40 AM,2.135
09:40 AM,2.075
09:40 AM,2.175
09:40 AM,2.185
09:40 AM,2.205
09:40 AM,2.135
09:40 AM,2.015
09:40 AM,2.245
09:40 AM,2.065
09:40 AM,2.215
09:41 AM,2.245
09:41 AM,2.065
09:41 AM,2.245
09:41 AM,2.215
09:41 AM,2.355
09:41 AM,2.245
09:41 AM,2.135
09:41 AM,2.235
09:41 AM,2.205
09:41 AM,2.025
09:41 AM,2.055
09:41 AM,2.075
09:41 AM,2.135
09:41 AM,2.075
09:41 AM,2.025
09:41 AM,2.075
09:41 AM,2.235
09:41 AM,2.205
09:42 AM,2.105
09:42 AM,2.115
09:42 AM,2.075
09:42 AM,2.065
09:42 AM,2.265
09:42 AM,2.065
09:42 AM,2.095
09:42 AM,2.175
09:42 AM,2.245
09:42 AM,2.145
09:42 AM,2.235
09:42 AM,2.015
09:42 AM,2.315
09:42 AM,2.175
09:42 AM,1.875
09:42 AM,2.415
09:42 AM,2.155
09:43 AM,2.275
09:43 AM,1.925
09:43 AM,2.275
09:43 AM,2.195
09:43 AM,2.005
09:43 AM,2.095
09:43 AM,1.975
09:43 AM,2.065
09:43 AM,2.165
09:43 AM,1.985
09:43 AM,2.055
09:43 AM,2.335
09:43 AM,2.280
09:43 AM,2.315
09:43 AM,2.195
09:43 AM,2.085
09:43 AM,2.255
09:44 AM,2.105
09:44 AM,2.295
09:44 AM,2.325
09:44 AM,2.005
09:44 AM,2.235
09:44 AM,1.895
09:44 AM,2.125
09:44 AM,2.125
09:44 AM,2.265
09:44 AM,2.075
09:44 AM,2.265
09:44 AM,2.035
09:44 AM,2.155
09:44 AM,2.325
09:44 AM,1.960
09:44 AM,2.125
09:44 AM,2.265
09:44 AM,2.015
09:44 AM,1.995
09:45 AM,2.315
09:45 AM,2.345
09:45 AM,2.075
09:45 AM,2.215
09:45 AM,2.075
09:45 AM,2.055
09:45 AM,2.355
09:45 AM,2.165
09:45 AM,2.175
09:45 AM,2.175
09:45 AM,2.085
09:45 AM,2.045
09:45 AM,2.235
09:45 AM,1.995
09:45 AM,2.395
09:46 AM,2.155
09:46 AM,2.315
09:46 AM,2.280
09:46 AM,2.345
09:46 AM,2.225
09:46 AM,2.300
09:46 AM,2.255
09:46 AM,2.195
09:46 AM,2.225
09:46 AM,2.264
09:46 AM,2.170
09:46 AM,2.305
09:46 AM,2.345
09:46 AM,2.205
09:46 AM,2.125
09:46 AM,2.255
09:47 AM,2.275
09:47 AM,2.125
09:47 AM,2.035
09:47 AM,2.355
09:47 AM,2.025
09:47 AM,2.155
09:47 AM,2.055
09:47 AM,2.085
09:47 AM,2.120
09:47 AM,2.115
09:47 AM,1.965
09:47 AM,2.225
09:47 AM,2.175
09:47 AM,2.035
09:47 AM,2.035
09:47 AM,2.175
09:48 AM,2.265
09:48 AM,2.265
09:48 AM,2.065
09:48 AM,2.295
09:48 AM,2.285
09:48 AM,2.235
09:48 AM,2.235
09:49 AM,1.995
09:49 AM,2.235
09:49 AM,1.935
09:49 AM,2.215
09:49 AM,2.215
09:49 AM,2.215
09:49 AM,2.035
09:49 AM,2.095
09:49 AM,1.965
09:50 AM,2.065
09:55 AM,2.155
09:55 AM,2.065
09:56 AM,1.955
09:56 AM,2.095
09:56 AM,2.055
09:56 AM,2.165
09:56 AM,2.285
09:56 AM,2.215
09:56 AM,2.075
09:56 AM,2.135
09:56 AM,2.005
09:56 AM,2.265
09:56 AM,2.195
09:56 AM,2.015
09:56 AM,2.175
09:56 AM,1.995
09:56 AM,2.075
09:57 AM,2.165
09:57 AM,2.260
09:57 AM,2.175
09:57 AM,2.115
09:57 AM,2.265
09:57 AM,2.015
09:57 AM,2.125
09:57 AM,2.155
09:57 AM,2.265
09:57 AM,1.995
09:57 AM,2.045
09:57 AM,2.135
09:57 AM,2.065
09:57 AM,2.125
09:57 AM,2.015
09:57 AM,2.095
09:57 AM,2.185
09:58 AM,2.235
09:58 AM,2.335
09:58 AM,2.155
09:58 AM,1.985
09:58 AM,2.275
09:58 AM,2.175
09:58 AM,2.235
09:58 AM,2.135
09:58 AM,2.255
09:58 AM,2.295
09:58 AM,2.215
09:58 AM,2.125
09:58 AM,2.235
09:58 AM,2.325
09:58 AM,2.195
09:58 AM,2.095
09:58 AM,2.140
09:58 AM,2.305
09:59 AM,2.315
09:59 AM,2.105
09:59 AM,2.165
09:59 AM,2.055
09:59 AM,2.065
09:59 AM,2.045
09:59 AM,2.095
09:59 AM,1.930
09:59 AM,2.265
09:59 AM,2.215
09:59 AM,2.095
09:59 AM,2.160
09:59 AM,2.175
09:59 AM,2.095
09:59 AM,2.085
09:59 AM,2.265
09:59 AM,2.295
09:59 AM,2.175
10:00 AM,2.275
10:00 AM,2.025
10:00 AM,2.145
10:00 AM,2.245
10:00 AM,1.985
10:00 AM,2.215
10:00 AM,2.155
10:00 AM,2.110
10:00 AM,2.245
10:00 AM,2.235
10:00 AM,2.145
10:00 AM,2.015
10:00 AM,2.375
10:00 AM,2.080
10:00 AM,2.225
10:00 AM,2.045
10:01 AM,2.165
10:01 AM,2.140
10:01 AM,2.265
10:01 AM,1.925
10:01 AM,2.185
10:01 AM,2.175
10:01 AM,2.225
10:01 AM,2.185
10:02 AM,2.155
10:02 AM,2.205
10:02 AM,2.205
10:02 AM,2.205
10:02 AM,2.265
10:02 AM,2.155
10:07 AM,2.445
10:07 AM,2.685
10:07 AM,2.405
10:07 AM,2.635
10:07 AM,2.735
10:07 AM,2.505
10:08 AM,2.515
10:08 AM,2.685
10:08 AM,2.585
10:08 AM,2.545
10:08 AM,2.595
10:08 AM,2.415
10:08 AM,2.735
10:08 AM,2.685
10:08 AM,2.595
10:08 AM,2.555
10:09 AM,2.485
10:09 AM,2.555
10:09 AM,2.604
10:09 AM,2.605
10:09 AM,2.615
10:09 AM,2.615
10:09 AM,2.445
10:09 AM,2.545
10:09 AM,2.655
10:09 AM,2.405
10:09 AM,2.745
10:09 AM,2.605
10:09 AM,2.645
10:09 AM,2.625
10:09 AM,2.475
10:09 AM,2.495
10:09 AM,2.540
10:09 AM,2.585
10:09 AM,2.645
10:09 AM,2.645
10:10 AM,2.490
10:10 AM,2.490
10:10 AM,2.740
10:10 AM,2.570
10:10 AM,2.665
10:10 AM,2.655
10:10 AM,2.705
10:10 AM,2.565
10:10 AM,2.595
10:10 AM,2.455
10:10 AM,2.635
10:10 AM,2.515
10:10 AM,2.685
10:10 AM,2.455
10:10 AM,2.705
10:10 AM,2.425
10:10 AM,2.545
10:10 AM,2.505
10:10 AM,2.475
10:11 AM,2.525
10:11 AM,2.445
10:11 AM,2.595
10:11 AM,2.435
10:11 AM,2.625
10:11 AM,2.465
10:11 AM,2.475
10:11 AM,2.595
10:11 AM,2.475
10:11 AM,2.445
10:11 AM,2.575
10:11 AM,2.725
10:11 AM,2.525
10:11 AM,2.655
10:11 AM,2.485
10:11 AM,2.505
10:11 AM,2.565
10:11 AM,2.485
10:11 AM,2.475
10:11 AM,2.725
10:11 AM,2.445
10:11 AM,2.565
10:11 AM,2.675
10:11 AM,2.485
10:12 AM,2.625
10:12 AM,2.515
10:12 AM,2.585
10:12 AM,2.435
10:12 AM,2.495
10:12 AM,2.575
10:12 AM,2.475
10:12 AM,2.395
10:12 AM,2.495
10:12 AM,2.465
10:12 AM,2.415
10:12 AM,2.595
10:12 AM,2.455
10:12 AM,2.455
10:12 AM,2.485
10:12 AM,2.595
10:13 AM,2.665
10:13 AM,2.555
10:13 AM,2.625
10:13 AM,2.665
10:13 AM,2.435
10:13 AM,2.395
10:13 AM,2.415
10:13 AM,2.615
10:13 AM,2.465
10:13 AM,2.535
10:13 AM,2.475
10:13 AM,2.655
10:13 AM,2.625
10:13 AM,2.475
10:13 AM,2.435
10:13 AM,2.635
10:13 AM,2.455
10:13 AM,2.475
10:13 AM,2.645
10:14 AM,2.685
10:14 AM,2.555
10:14 AM,2.645
10:14 AM,2.540
10:14 AM,2.475
10:14 AM,2.585
10:14 AM,2.475
10:14 AM,2.655
10:14 AM,2.435
10:14 AM,2.545
10:14 AM,2.425
10:14 AM,2.575
10:14 AM,2.735
10:14 AM,2.535
10:14 AM,2.495
10:14 AM,2.705
10:14 AM,2.725
10:14 AM,2.465
10:15 AM,2.615
10:15 AM,2.695
10:15 AM,2.675
10:15 AM,2.465
10:15 AM,2.535
10:15 AM,2.605
10:15 AM,2.585
10:15 AM,2.505
10:15 AM,2.505
10:15 AM,2.445
10:15 AM,2.635
10:15 AM,2.545
10:15 AM,2.401
10:15 AM,2.625
10:15 AM,2.435
10:16 AM,2.695
10:16 AM,2.525
10:16 AM,2.445
10:16 AM,2.585
10:16 AM,2.415
10:16 AM,2.430
10:16 AM,2.475
10:16 AM,2.515
10:16 AM,2.565
10:16 AM,2.515
10:16 AM,2.525
10:16 AM,2.585
10:17 AM,2.475
10:17 AM,2.545
10:17 AM,2.425
10:17 AM,2.435
10:17 AM,2.405
10:17 AM,2.485
10:17 AM,2.695
10:17 AM,2.445
10:17 AM,2.675
10:20 AM,2.475
10:20 AM,2.635
10:20 AM,2.455
10:20 AM,2.385
10:20 AM,2.535
10:20 AM,2.565
10:20 AM,2.475
10:20 AM,2.615
10:20 AM,2.615
10:20 AM,2.635
10:20 AM,2.665
10:20 AM,2.675
10:20 AM,2.555
10:20 AM,2.465
10:20 AM,2.515
10:20 AM,2.611
10:20 AM,2.515
10:20 AM,2.715
10:21 AM,2.615
10:21 AM,2.495
10:21 AM,2.595
10:21 AM,2.545
10:21 AM,2.445
10:21 AM,2.535
10:24 AM,2.625
10:24 AM,2.465
10:24 AM,2.495
10:24 AM,2.575
10:24 AM,2.505
10:24 AM,2.565
10:24 AM,2.645
10:24 AM,2.485
10:24 AM,2.485
10:24 AM,2.435
10:24 AM,2.635
10:24 AM,2.565
10:24 AM,2.565
10:24 AM,2.455
10:24 AM,2.475
10:24 AM,2.545
10:24 AM,2.635
10:24 AM,2.435
10:24 AM,2.505
10:24 AM,2.495
10:24 AM,2.675
10:24 AM,2.585
10:24 AM,2.495
10:24 AM,2.475
10:25 AM,2.485
10:25 AM,2.635
10:25 AM,2.615
10:25 AM,2.635
10:25 AM,2.495
10:25 AM,2.625
10:25 AM,2.465
10:25 AM,2.450
10:26 AM,2.465
10:26 AM,2.475
10:26 AM,2.475
10:26 AM,2.565
10:26 AM,2.565
10:26 AM,2.545
10:26 AM,2.475
10:26 AM,2.435
10:27 AM,2.625
10:27 AM,2.525
10:27 AM,2.595
10:27 AM,2.605
10:27 AM,2.605
10:27 AM,2.665
10:27 AM,2.545
10:27 AM,2.485
10:27 AM,2.565
10:27 AM,2.595
10:27 AM,2.645
10:27 AM,2.615
10:27 AM,2.645
10:27 AM,2.495
10:27 AM,2.485
10:27 AM,2.525
10:28 AM,2.470
10:28 AM,2.635
10:28 AM,2.575
10:28 AM,2.595
10:28 AM,2.465
10:28 AM,2.515
10:28 AM,2.495
10:28 AM,2.615
10:28 AM,2.565
10:28 AM,2.435
10:28 AM,2.455
10:28 AM,2.475
10:28 AM,2.595
10:28 AM,2.555
10:28 AM,2.540
10:28 AM,2.485
10:29 AM,2.525
10:29 AM,2.625
10:29 AM,2.465
10:29 AM,2.465
10:29 AM,2.475
10:29 AM,2.645
10:29 AM,2.505
10:29 AM,2.495
10:29 AM,2.615
10:29 AM,2.455
10:29 AM,2.465
10:29 AM,2.475
10:29 AM,2.475
10:29 AM,2.585
10:29 AM,2.545
10:30 AM,2.605
10:32 AM,2.650
10:32 AM,2.485
10:32 AM,2.605
10:32 AM,2.495
10:32 AM,2.495
10:32 AM,2.445
10:32 AM,2.405
10:32 AM,2.405
10:32 AM,2.585
10:32 AM,2.465
10:32 AM,2.595
10:32 AM,2.625
10:32 AM,2.655
10:32 AM,2.724
10:32 AM,2.435
10:32 AM,2.395
10:32 AM,2.475
10:32 AM,2.585
10:33 AM,2.660
10:33 AM,2.465
10:33 AM,2.495
10:33 AM,2.485
10:33 AM,2.685
10:33 AM,2.485
10:33 AM,2.615
10:33 AM,2.655
10:33 AM,2.485
10:33 AM,2.565
10:33 AM,2.425
10:33 AM,2.455
10:33 AM,2.465
10:33 AM,2.465
10:33 AM,2.715
10:33 AM,2.515
10:33 AM,2.655
10:33 AM,2.585
10:33 AM,2.650
10:33 AM,2.445
10:34 AM,2.635
10:34 AM,2.495
10:34 AM,2.735
10:34 AM,2.555
10:34 AM,2.455
10:34 AM,2.735
10:34 AM,2.455
10:34 AM,2.435
10:34 AM,2.465
10:34 AM,2.565
10:34 AM,2.465
10:34 AM,2.625
10:34 AM,2.605
10:34 AM,2.485
10:34 AM,2.655
10:34 AM,2.465
10:34 AM,2.395
10:34 AM,2.635
10:34 AM,2.435
10:34 AM,2.445
10:35 AM,2.425
10:35 AM,2.535
10:35 AM,2.455
10:35 AM,2.525
10:35 AM,2.475
10:35 AM,2.575
10:35 AM,2.665
10:35 AM,2.405
10:38 AM,2.615
10:38 AM,2.575
10:38 AM,2.455
10:38 AM,2.515
10:38 AM,2.535
10:38 AM,2.675
10:42 AM,2.495
10:42 AM,2.605
10:42 AM,2.635
10:42 AM,2.535
10:42 AM,2.445
10:42 AM,2.445
10:42 AM,2.515
10:42 AM,2.565
10:42 AM,2.645
10:43 AM,2.615
10:43 AM,2.665
10:43 AM,2.475
10:43 AM,2.575
10:43 AM,2.580
10:43 AM,2.715
10:43 AM,2.645
10:43 AM,2.685
10:43 AM,2.465
10:43 AM,2.565
10:43 AM,2.405
10:43 AM,2.525
10:43 AM,2.635
10:43 AM,2.545
10:43 AM,2.435
10:43 AM,2.365
10:43 AM,2.575
10:43 AM,2.455
10:43 AM,2.475
10:43 AM,2.620
10:43 AM,2.405
10:44 AM,2.595
10:44 AM,2.525
10:48 AM,1.135
10:48 AM,1.235
10:48 AM,1.235
10:48 AM,1.265
10:48 AM,1.295
10:49 AM,1.245
10:49 AM,1.225
10:49 AM,1.185
10:49 AM,1.275
10:49 AM,1.145
10:49 AM,1.225
10:49 AM,1.255
10:49 AM,1.225
10:49 AM,1.255
10:49 AM,1.295
10:49 AM,1.265
10:49 AM,1.275
10:49 AM,1.135
10:49 AM,1.195
10:49 AM,1.185
10:49 AM,1.225
10:49 AM,1.175
10:49 AM,1.205
10:49 AM,1.255
10:49 AM,1.185
10:49 AM,1.385
10:50 AM,1.185
10:50 AM,1.245
10:50 AM,1.195
10:50 AM,1.525
10:50 AM,1.255
10:50 AM,1.175
10:50 AM,1.415
10:50 AM,1.335
10:50 AM,1.245
10:50 AM,1.175
10:50 AM,1.205
10:50 AM,1.300
10:50 AM,1.265
10:50 AM,1.215
10:50 AM,1.215
10:50 AM,1.175
10:50 AM,1.205
10:50 AM,1.405
10:50 AM,1.155
10:50 AM,1.455
10:50 AM,1.225
10:50 AM,1.285
10:51 AM,1.300
10:51 AM,1.225
10:51 AM,1.295
10:51 AM,1.275
10:51 AM,1.235
10:51 AM,1.135
10:51 AM,1.245
10:51 AM,1.235
10:51 AM,1.195
10:51 AM,1.235
10:51 AM,1.305
10:52 AM,1.255
10:52 AM,1.255
10:52 AM,1.195
10:52 AM,1.185
10:52 AM,1.205
10:52 AM,1.305
10:52 AM,1.205
10:52 AM,1.235
10:52 AM,1.195
10:52 AM,1.185
10:52 AM,1.195
10:52 AM,1.235
10:52 AM,1.145
10:52 AM,1.225
10:52 AM,1.205
10:52 AM,1.205
10:52 AM,1.205
10:52 AM,1.365
10:52 AM,1.355
10:52 AM,1.225
10:52 AM,1.315
10:52 AM,1.225
10:53 AM,1.225
10:53 AM,1.165
10:53 AM,1.235
10:53 AM,1.235
10:53 AM,1.235
10:53 AM,1.215
10:53 AM,1.315
10:53 AM,1.235
10:53 AM,1.255
10:53 AM,1.225
10:53 AM,1.215
10:53 AM,1.155
10:53 AM,1.235
10:53 AM,1.275
10:53 AM,1.205
10:53 AM,1.225
10:53 AM,1.145
10:53 AM,1.335
10:53 AM,1.195
10:54 AM,1.215
10:54 AM,1.205
10:54 AM,1.175
10:54 AM,1.225
10:54 AM,1.195
10:54 AM,1.295
10:54 AM,1.185
10:54 AM,1.195
10:54 AM,1.145
10:54 AM,1.255
10:54 AM,1.255
10:54 AM,1.305
10:54 AM,1.175
10:54 AM,1.245
10:54 AM,1.205
10:54 AM,1.225
10:54 AM,1.205
10:54 AM,1.265
10:54 AM,1.245
10:55 AM,1.235
10:55 AM,1.215
10:55 AM,1.125
10:55 AM,1.025
10:55 AM,1.285
10:55 AM,1.275
10:55 AM,1.155
10:55 AM,1.105
10:55 AM,1.255
10:55 AM,1.155
10:55 AM,1.225
10:55 AM,1.195
10:55 AM,1.215
10:55 AM,1.265
10:55 AM,1.255
10:55 AM,1.185
10:55 AM,1.205
10:55 AM,1.295
10:56 AM,1.225
10:56 AM,1.205
10:56 AM,1.215
10:56 AM,1.120
10:56 AM,1.235
10:56 AM,1.245
10:56 AM,1.185
10:56 AM,1.265
10:56 AM,1.235
10:56 AM,1.175
10:56 AM,1.285
10:56 AM,1.385
10:56 AM,1.460
10:56 AM,1.085
10:56 AM,1.295
10:56 AM,1.255
10:56 AM,1.295
10:56 AM,1.225
10:56 AM,1.325
10:56 AM,1.205
10:57 AM,1.315
10:57 AM,1.185
10:57 AM,1.125
10:57 AM,1.255
10:57 AM,1.265
10:57 AM,1.235
10:57 AM,1.215
10:57 AM,1.255
10:57 AM,1.215
10:57 AM,1.245
10:57 AM,1.265
10:57 AM,1.235
10:57 AM,1.285
10:57 AM,1.305
10:57 AM,1.205
10:57 AM,1.215
10:57 AM,1.115
10:57 AM,1.285
10:57 AM,1.305
10:57 AM,1.175
10:57 AM,1.175
10:57 AM,1.185
10:57 AM,1.155
10:57 AM,1.275
10:58 AM,1.305
10:58 AM,1.195
10:58 AM,1.175
10:58 AM,1.265
10:58 AM,1.385
10:58 AM,1.215
10:58 AM,1.180
10:58 AM,1.285
10:58 AM,1.220
10:58 AM,1.235
10:58 AM,1.225
10:58 AM,1.145
10:58 AM,1.185
10:58 AM,1.195
10:58 AM,1.265
10:58 AM,1.185
10:58 AM,1.165
10:58 AM,1.215
10:59 AM,1.285
10:59 AM,1.195
10:59 AM,1.225
10:59 AM,1.225
10:59 AM,1.295
10:59 AM,1.275
10:59 AM,1.215
10:59 AM,1.265
10:59 AM,1.245
10:59 AM,1.145
10:59 AM,1.175
10:59 AM,1.240
10:59 AM,1.175
10:59 AM,1.195
10:59 AM,1.195
10:59 AM,1.235
10:59 AM,1.225
10:59 AM,1.455
10:59 AM,1.165
10:59 AM,1.235
11:00 AM,1.275
11:00 AM,1.275
11:00 AM,1.185
11:00 AM,1.195
11:00 AM,1.295
11:00 AM,1.205
11:00 AM,1.210
11:00 AM,1.135
11:00 AM,1.135
11:00 AM,1.305
11:00 AM,1.135
11:00 AM,1.455
11:01 AM,1.215
11:01 AM,1.225
11:01 AM,1.325
11:01 AM,1.180
11:01 AM,1.225
11:01 AM,1.225
11:01 AM,1.205
11:01 AM,1.295
11:01 AM,1.235
11:01 AM,1.335
11:01 AM,1.165
11:01 AM,1.215
11:01 AM,1.165
11:01 AM,1.195
11:01 AM,1.235
11:01 AM,1.145
11:02 AM,1.235
11:02 AM,1.165
11:02 AM,1.260
11:02 AM,1.225
11:02 AM,1.295
11:02 AM,1.215
11:02 AM,1.245
11:02 AM,1.195
11:02 AM,1.175
11:02 AM,1.275
11:02 AM,1.205
11:02 AM,1.215
11:02 AM,1.155
11:02 AM,1.215
11:02 AM,1.225
11:02 AM,1.425
11:02 AM,1.345
11:02 AM,1.235
11:02 AM,1.355
11:02 AM,1.245
11:02 AM,1.415
11:02 AM,1.245
11:03 AM,1.255
11:03 AM,1.245
11:03 AM,1.195
11:03 AM,1.335
11:03 AM,1.235
11:03 AM,1.205
11:03 AM,1.195
11:03 AM,1.135
11:03 AM,1.205
11:03 AM,1.165
11:03 AM,1.225
11:03 AM,1.160
11:03 AM,1.165
11:03 AM,1.215
11:03 AM,1.195
11:03 AM,1.215
11:03 AM,1.285
11:03 AM,1.235
11:03 AM,1.305
11:03 AM,1.255
11:03 AM,1.235
11:03 AM,1.265
11:03 AM,1.225
11:03 AM,1.335
11:04 AM,1.265
11:04 AM,1.255
11:04 AM,1.205
11:04 AM,1.225
11:04 AM,1.195
11:04 AM,1.215
11:04 AM,1.225
11:04 AM,1.205
11:04 AM,1.175
11:04 AM,1.205
11:04 AM,1.225
11:04 AM,1.215
11:04 AM,1.265
11:04 AM,1.235
11:04 AM,1.235
11:04 AM,1.235
11:04 AM,1.215
11:04 AM,1.155
11:04 AM,1.215
11:04 AM,1.205
11:04 AM,1.265
11:04 AM,1.265
11:04 AM,1.215
11:04 AM,1.205
11:04 AM,1.255
11:04 AM,1.215
11:05 AM,1.225
11:05 AM,1.205
11:05 AM,1.205
11:05 AM,1.265
11:05 AM,1.225
11:05 AM,1.205
11:05 AM,1.225
11:05 AM,1.225
11:05 AM,1.265
11:05 AM,1.245
11:05 AM,1.225
11:05 AM,1.175
11:05 AM,1.165
11:05 AM,1.235
11:05 AM,1.295
11:05 AM,1.265
11:05 AM,1.255
11:05 AM,1.275
11:05 AM,1.345
11:05 AM,1.275
11:05 AM,1.255
11:05 AM,1.230
11:06 AM,1.315
11:06 AM,1.225
11:06 AM,1.395
11:06 AM,1.335
11:06 AM,1.195
11:06 AM,1.055
11:06 AM,1.295
11:06 AM,1.255
11:06 AM,1.235
11:06 AM,1.195
11:06 AM,1.225
11:06 AM,1.205
11:06 AM,1.245
11:06 AM,1.305
11:06 AM,1.255
11:06 AM,1.225
11:06 AM,1.235
11:06 AM,1.215
11:06 AM,1.215
11:07 AM,1.245
11:07 AM,1.115
11:07 AM,1.245
11:07 AM,1.165
11:07 AM,1.335
11:07 AM,1.485
11:07 AM,1.185
11:07 AM,1.285
11:07 AM,1.145
11:07 AM,1.150
11:07 AM,1.335
11:07 AM,1.295
11:07 AM,1.245
11:07 AM,1.335
11:07 AM,1.175
11:07 AM,1.215
11:07 AM,1.165
11:07 AM,1.285
11:07 AM,1.285
11:08 AM,1.265
11:08 AM,1.405
11:08 AM,1.325
11:08 AM,1.275
11:08 AM,1.245
11:08 AM,1.205
11:08 AM,1.215
11:08 AM,1.275
11:08 AM,1.165
11:08 AM,1.255
11:08 AM,1.185
11:08 AM,1.125
11:08 AM,1.115
11:08 AM,1.175
11:08 AM,1.325
11:08 AM,1.145
11:08 AM,1.305
11:08 AM,1.225
11:08 AM,1.215
11:08 AM,1.195
11:08 AM,1.185
11:09 AM,1.235
11:09 AM,1.215
11:09 AM,1.125
11:09 AM,1.205
11:09 AM,1.175
11:09 AM,1.285
11:09 AM,1.265
11:09 AM,1.255
11:09 AM,1.185
11:09 AM,1.225
11:09 AM,1.365
11:09 AM,1.275
11:09 AM,1.265
11:09 AM,1.215
11:09 AM,1.355
11:09 AM,1.225
11:09 AM,1.275
11:09 AM,1.245
11:09 AM,1.225
11:09 AM,1.195
11:09 AM,1.215
11:10 AM,1.265
11:10 AM,1.265
11:10 AM,1.165
11:10 AM,1.415
11:10 AM,1.175
11:10 AM,1.225
11:10 AM,1.235
11:10 AM,1.195
11:10 AM,1.285
11:10 AM,1.205
11:10 AM,1.325
11:10 AM,1.255
11:10 AM,1.120
11:10 AM,1.205
11:10 AM,1.295
11:11 AM,1.205
11:11 AM,1.375
11:11 AM,1.255
11:11 AM,1.065
11:11 AM,1.075
11:11 AM,1.195
11:11 AM,1.140
11:11 AM,1.185
11:11 AM,1.215
11:11 AM,1.215
11:11 AM,1.115
11:11 AM,1.265
11:11 AM,1.225
11:11 AM,1.165
11:11 AM,1.215
11:11 AM,1.155
11:11 AM,1.295
11:11 AM,1.285
11:11 AM,1.395
11:11 AM,1.265
11:12 AM,1.180
11:12 AM,1.165
11:12 AM,1.265
11:12 AM,1.295
11:12 AM,1.305
11:12 AM,1.175
11:12 AM,1.255
11:12 AM,1.025
11:12 AM,1.535
11:12 AM,1.330
11:12 AM,1.215
11:12 AM,1.210
11:12 AM,1.375
11:12 AM,1.285
11:12 AM,1.235
11:12 AM,1.205
11:12 AM,1.160
11:13 AM,1.360
11:13 AM,1.175
11:13 AM,1.265
11:13 AM,1.345
11:13 AM,1.285
11:13 AM,1.245
11:13 AM,1.305
11:13 AM,1.335
11:13 AM,1.175
11:13 AM,1.275
11:13 AM,1.305
11:13 AM,1.265
11:13 AM,1.155
11:13 AM,1.255
11:13 AM,1.195
11:13 AM,1.235
11:13 AM,1.285
11:13 AM,1.285
11:13 AM,1.175
11:13 AM,1.195
11:13 AM,1.175
11:13 AM,1.245
11:13 AM,1.245
11:14 AM,1.225
11:14 AM,1.225
11:14 AM,1.255
11:14 AM,1.215
11:14 AM,1.345
11:14 AM,1.195
11:14 AM,1.285
11:14 AM,1.205
11:14 AM,1.195
11:14 AM,1.325
11:14 AM,1.245
11:14 AM,1.205
11:14 AM,1.185
11:14 AM,1.265
11:14 AM,1.175
11:14 AM,1.215
11:14 AM,1.195
11:14 AM,1.305
11:15 AM,1.245
11:15 AM,1.295
11:15 AM,1.185
11:15 AM,1.250
11:15 AM,1.165
11:15 AM,1.255
11:15 AM,1.255
11:15 AM,1.185
11:15 AM,1.215
11:15 AM,1.195
11:15 AM,1.205
11:15 AM,1.205
11:15 AM,1.185
11:15 AM,1.225
11:15 AM,1.235
11:15 AM,1.145
12:10 PM,2.565
12:10 PM,2.485
12:10 PM,2.605
12:10 PM,2.435
12:10 PM,2.545
12:10 PM,2.675
12:10 PM,2.535
12:10 PM,2.565
12:10 PM,2.505
12:10 PM,2.425
12:10 PM,2.565
12:10 PM,2.455
12:10 PM,2.425
12:10 PM,2.525
12:10 PM,2.535
12:10 PM,2.495
12:10 PM,2.555
12:10 PM,2.585
12:10 PM,2.595
12:10 PM,2.555
12:11 PM,2.475
12:11 PM,2.575
12:11 PM,2.555
12:11 PM,2.485
12:11 PM,2.605
12:11 PM,2.605
12:11 PM,2.435
12:11 PM,2.485
12:11 PM,2.405
12:11 PM,2.605
12:11 PM,2.565
12:11 PM,2.385
12:11 PM,2.595
12:11 PM,2.605
12:11 PM,2.565
12:11 PM,2.475
12:11 PM,2.595
12:11 PM,2.480
12:11 PM,2.425
12:11 PM,2.595
12:12 PM,2.555
12:12 PM,2.435
12:12 PM,2.580
12:12 PM,2.475
12:12 PM,2.615
12:12 PM,2.505
12:12 PM,2.435
12:12 PM,2.425
12:12 PM,2.505
12:12 PM,2.475
12:12 PM,2.445
12:12 PM,2.515
12:12 PM,2.525
12:12 PM,2.645
12:12 PM,2.535
12:12 PM,2.475
12:12 PM,2.505
12:12 PM,2.585
12:12 PM,2.375
12:12 PM,2.575
12:12 PM,2.415
12:12 PM,2.565
12:13 PM,2.475
12:13 PM,2.635
12:13 PM,2.415
12:13 PM,2.705
12:13 PM,2.465
12:13 PM,2.585
12:13 PM,2.385
12:13 PM,2.495
12:13 PM,2.425
12:13 PM,2.580
12:13 PM,2.605
12:13 PM,2.425
12:13 PM,2.485
12:13 PM,2.485
12:13 PM,2.585
12:13 PM,2.685
12:13 PM,2.625
12:13 PM,2.465
12:13 PM,2.475
12:13 PM,2.595
12:13 PM,2.385
12:13 PM,2.575
12:13 PM,2.465
12:14 PM,2.365
12:14 PM,2.545
12:14 PM,2.605
12:14 PM,2.375
12:14 PM,2.415
12:14 PM,2.525
12:14 PM,2.485
12:14 PM,2.625
12:14 PM,2.465
12:14 PM,2.505
12:14 PM,2.505
12:14 PM,2.405
12:14 PM,2.395
12:14 PM,2.405
12:14 PM,2.535
12:14 PM,2.395
12:14 PM,2.630
12:14 PM,2.545
12:14 PM,2.615
12:15 PM,2.455
12:15 PM,2.495
12:15 PM,2.575
12:15 PM,2.405
12:15 PM,2.655
12:15 PM,2.445
12:15 PM,2.445
12:15 PM,2.295
12:15 PM,2.645
12:15 PM,2.535
12:15 PM,2.545
12:15 PM,2.445
12:15 PM,2.655
12:15 PM,2.415
12:15 PM,2.585
12:15 PM,2.515
12:15 PM,2.470
12:15 PM,2.630
12:16 PM,2.455
12:16 PM,2.445
12:16 PM,2.535
12:16 PM,2.405
12:16 PM,2.545
12:16 PM,2.435
12:16 PM,2.395
12:16 PM,2.425
12:16 PM,2.615
12:16 PM,2.585
12:16 PM,2.505
12:16 PM,2.635
12:16 PM,2.475
12:16 PM,2.585
12:16 PM,2.455
12:16 PM,2.665
12:16 PM,2.345
12:16 PM,2.725
12:16 PM,2.440
12:16 PM,2.535
12:16 PM,2.425
12:16 PM,2.465
12:16 PM,2.425
12:16 PM,2.485
12:16 PM,2.615
12:17 PM,2.605
12:17 PM,2.415
12:17 PM,2.555
12:17 PM,2.555
12:17 PM,2.415
12:17 PM,2.515
12:17 PM,2.585
12:17 PM,2.555
12:17 PM,2.425
12:17 PM,2.455
12:17 PM,2.565
12:17 PM,2.455
12:17 PM,2.495
12:17 PM,2.555
12:17 PM,2.375
12:17 PM,2.605
12:17 PM,2.455
12:17 PM,2.535
12:17 PM,2.565
12:17 PM,2.485
12:17 PM,2.545
12:17 PM,2.385
12:17 PM,2.565
12:18 PM,2.575
12:18 PM,2.645
12:18 PM,2.605
12:18 PM,2.485
12:18 PM,2.535
12:18 PM,2.610
12:18 PM,2.635
12:18 PM,2.525
12:18 PM,2.345
12:18 PM,2.565
12:18 PM,2.625
12:18 PM,2.475
12:18 PM,2.415
12:18 PM,2.575
12:18 PM,2.525
12:18 PM,2.395
12:18 PM,2.385
12:18 PM,2.725
12:18 PM,2.435
12:18 PM,2.625
12:18 PM,2.555
12:18 PM,2.580
12:18 PM,2.475
12:18 PM,2.605
12:19 PM,2.470
12:19 PM,2.515
12:19 PM,2.595
12:19 PM,2.565
12:19 PM,2.525
12:19 PM,2.575
12:19 PM,2.474
12:19 PM,2.510
12:19 PM,2.405
12:19 PM,2.375
12:19 PM,2.465
12:19 PM,2.605
12:19 PM,2.475
12:19 PM,2.415
12:19 PM,2.445
12:19 PM,2.465
12:19 PM,2.445
12:19 PM,2.635
12:19 PM,2.435
12:19 PM,2.415
12:19 PM,2.565
12:19 PM,2.535
12:19 PM,2.565
12:20 PM,2.425
12:20 PM,2.585
12:20 PM,2.420
12:20 PM,2.415
12:20 PM,2.425
12:20 PM,2.545
12:20 PM,2.615
12:20 PM,2.545
12:20 PM,2.605
12:20 PM,2.445
12:20 PM,2.365
12:20 PM,2.505
12:20 PM,2.515
12:20 PM,2.470
12:20 PM,2.555
12:20 PM,2.405
12:20 PM,2.365
12:20 PM,2.455
12:20 PM,2.545
12:21 PM,2.505
12:21 PM,2.655
12:21 PM,2.605
12:21 PM,2.625
12:21 PM,2.465
12:21 PM,2.465
12:21 PM,2.515
12:21 PM,2.375
12:21 PM,2.395
12:21 PM,2.585
12:21 PM,2.565
12:21 PM,2.445
12:21 PM,2.425
12:21 PM,2.465
12:21 PM,2.455
12:21 PM,2.455
12:22 PM,2.565
12:22 PM,2.465
12:22 PM,2.435
12:22 PM,2.375
12:22 PM,2.635
12:22 PM,2.385
12:22 PM,2.645
12:22 PM,2.585
12:22 PM,2.415
12:22 PM,2.515
12:22 PM,2.610
12:22 PM,2.445
12:22 PM,2.645
12:22 PM,2.555
12:22 PM,2.585
12:22 PM,2.475
12:22 PM,2.430
12:22 PM,2.425
12:22 PM,2.505
12:22 PM,2.605
12:22 PM,2.455
12:23 PM,2.515
12:23 PM,2.425
12:23 PM,2.540
12:23 PM,2.495
12:23 PM,2.455
12:23 PM,2.445
12:23 PM,2.355
12:23 PM,2.445
12:23 PM,2.615
12:23 PM,2.380
12:23 PM,2.415
12:23 PM,2.435
12:23 PM,2.525
12:23 PM,2.595
12:23 PM,2.635
12:23 PM,2.555
12:23 PM,2.525
12:23 PM,2.545
12:23 PM,2.425
12:23 PM,2.455
12:23 PM,2.405
12:23 PM,2.505
12:23 PM,2.565
12:24 PM,2.605
12:24 PM,2.565
12:24 PM,2.705
12:24 PM,2.465
12:24 PM,2.385
12:24 PM,2.415
12:24 PM,2.605
12:24 PM,2.545
12:24 PM,2.505
12:24 PM,2.425
12:24 PM,2.455
12:24 PM,2.605
12:24 PM,2.585
12:24 PM,2.435
12:24 PM,2.585
12:24 PM,2.565
12:24 PM,2.435
12:24 PM,2.515
12:24 PM,2.555
12:24 PM,2.625
12:24 PM,2.645
12:24 PM,2.465
12:24 PM,2.615
12:24 PM,2.505
12:24 PM,2.395
12:25 PM,2.505
12:25 PM,2.455
12:25 PM,2.555
12:25 PM,2.585
12:25 PM,2.415
12:25 PM,2.545
12:25 PM,2.525
12:25 PM,2.515
12:25 PM,2.625
12:25 PM,2.625
12:25 PM,2.545
12:25 PM,2.425
12:25 PM,2.385
12:25 PM,2.455
12:25 PM,2.434
12:25 PM,2.465
12:25 PM,2.510
12:25 PM,2.665
12:25 PM,2.445
12:26 PM,2.625
12:26 PM,2.645
12:26 PM,2.475
12:26 PM,2.675
12:26 PM,2.545
12:26 PM,2.675
12:26 PM,2.385
12:26 PM,2.415
12:26 PM,2.555
12:26 PM,2.395
12:26 PM,2.515
12:26 PM,2.555
12:26 PM,2.595
12:26 PM,2.435
12:26 PM,2.435
12:26 PM,2.575
12:26 PM,2.585
12:26 PM,2.515
12:26 PM,2.575
12:26 PM,2.475
12:26 PM,2.465
12:26 PM,2.650
12:26 PM,2.405
12:27 PM,2.435
12:27 PM,2.455
12:27 PM,2.455
12:27 PM,2.575
12:27 PM,2.485
12:27 PM,2.545
12:27 PM,2.555
12:27 PM,2.455
12:27 PM,2.570
12:27 PM,2.505
12:27 PM,2.655
12:27 PM,2.515
12:27 PM,2.405
12:27 PM,2.525
12:27 PM,2.565
12:27 PM,2.475
12:27 PM,2.565
12:27 PM,2.495
12:27 PM,2.545
12:27 PM,2.540
12:28 PM,2.585
12:28 PM,2.555
12:28 PM,2.450
12:28 PM,2.435
12:28 PM,2.475
12:28 PM,2.455
12:28 PM,2.455
12:28 PM,2.495
12:28 PM,2.580
12:28 PM,2.665
12:28 PM,2.595
12:28 PM,2.495
12:28 PM,2.465
12:28 PM,2.605
12:29 PM,2.605
12:29 PM,2.445
12:29 PM,2.615
12:31 PM,2.475
12:31 PM,2.425
12:31 PM,2.535
12:31 PM,2.645
12:31 PM,2.375
12:31 PM,2.595
12:31 PM,2.465
12:31 PM,2.405
12:31 PM,2.395
12:31 PM,2.425
12:31 PM,2.385
12:32 PM,2.605
12:32 PM,2.645
12:32 PM,2.545
12:32 PM,2.675
12:32 PM,2.365
12:32 PM,2.480
12:32 PM,2.355
12:32 PM,2.625
12:32 PM,2.485
12:32 PM,2.575
12:32 PM,2.585
12:32 PM,2.465
12:32 PM,2.565
12:32 PM,2.485
12:32 PM,2.515
12:32 PM,2.475
12:32 PM,2.515
12:32 PM,2.425
12:32 PM,2.461
12:32 PM,2.565
12:32 PM,2.585
12:32 PM,2.595
12:32 PM,2.625
12:32 PM,2.640
12:32 PM,2.525
12:32 PM,2.565
12:32 PM,2.435
12:33 PM,2.415
12:33 PM,2.615
12:33 PM,2.515
12:33 PM,2.465
12:33 PM,2.475
12:33 PM,2.515
12:33 PM,2.525
12:33 PM,2.565
12:33 PM,2.545
12:33 PM,2.615
12:33 PM,2.595
12:33 PM,2.545
12:33 PM,2.595
12:33 PM,2.435
12:33 PM,2.565
12:33 PM,2.435
12:33 PM,2.435
12:33 PM,2.435
12:33 PM,2.575
12:33 PM,2.510
12:33 PM,2.475
12:33 PM,2.545
12:33 PM,2.605
12:33 PM,2.475
12:33 PM,2.615
12:33 PM,2.460
12:33 PM,2.560
12:34 PM,2.445
12:34 PM,2.465
12:34 PM,2.545
12:34 PM,2.485
12:34 PM,2.425
12:34 PM,2.474
12:34 PM,2.615
12:34 PM,2.565
12:34 PM,2.555
12:34 PM,2.615
12:34 PM,2.565
12:34 PM,2.605
12:34 PM,2.575
12:34 PM,2.425
12:34 PM,2.385
12:34 PM,2.430
12:34 PM,2.475
12:34 PM,2.475
12:34 PM,2.591
12:34 PM,2.475
12:34 PM,2.555
12:34 PM,2.585
12:34 PM,2.425
12:34 PM,2.385
12:34 PM,2.435
12:34 PM,2.545
12:34 PM,2.445
12:34 PM,2.585
12:35 PM,2.475
12:35 PM,2.485
12:35 PM,2.535
12:35 PM,2.450
12:35 PM,2.475
12:35 PM,2.455
12:35 PM,2.395
12:35 PM,2.565
12:35 PM,2.725
12:35 PM,2.515
12:35 PM,2.670
12:35 PM,2.595
12:35 PM,2.620
12:35 PM,2.555
12:35 PM,2.555
12:35 PM,2.575
12:35 PM,2.585
12:35 PM,2.425
12:35 PM,2.555
12:35 PM,2.545
12:35 PM,2.405
12:35 PM,2.545
12:35 PM,2.445
12:35 PM,2.525
12:35 PM,2.515
12:35 PM,2.455
12:35 PM,2.545
12:35 PM,2.585
12:35 PM,2.655
12:36 PM,2.515
12:36 PM,2.485
12:36 PM,2.465
12:36 PM,2.415
12:36 PM,2.510
12:36 PM,2.375
12:36 PM,2.395
12:36 PM,2.535
12:36 PM,2.655
12:36 PM,2.395
12:36 PM,2.545
12:36 PM,2.565
12:36 PM,2.445
12:36 PM,2.755
12:36 PM,2.515
12:36 PM,2.525
12:36 PM,2.615
12:36 PM,2.485
12:36 PM,2.495
12:36 PM,2.545
12:36 PM,2.565
12:36 PM,2.505
12:36 PM,2.535
12:36 PM,2.435
12:36 PM,2.555
12:36 PM,2.505
12:36 PM,2.655
12:36 PM,2.615
12:36 PM,2.575
12:37 PM,2.565
12:37 PM,2.535
12:37 PM,2.645
12:37 PM,2.455
12:37 PM,2.525
12:37 PM,2.545
12:37 PM,2.425
12:37 PM,2.455
12:37 PM,2.415
12:37 PM,2.505
12:37 PM,2.405
12:37 PM,2.445
12:37 PM,2.495
12:37 PM,2.435
12:37 PM,2.445
12:38 PM,2.435
12:38 PM,2.575
12:38 PM,2.425
12:38 PM,2.405
12:38 PM,2.505
12:38 PM,2.415
12:38 PM,2.575
12:38 PM,2.545
12:38 PM,2.395
12:38 PM,2.405
12:42 PM,2.445
12:42 PM,2.495
12:42 PM,2.495
12:42 PM,2.485
12:42 PM,2.470
12:42 PM,2.625
12:42 PM,2.445
12:42 PM,2.635
12:42 PM,2.425
12:42 PM,2.475
12:42 PM,2.465
12:42 PM,2.665
12:42 PM,2.355
12:42 PM,2.395
12:42 PM,2.485
12:42 PM,2.655
12:42 PM,2.605
12:42 PM,2.405
12:42 PM,2.465
12:42 PM,2.595
12:43 PM,2.620
12:43 PM,2.625
12:43 PM,2.445
12:43 PM,2.465
12:43 PM,2.585
12:43 PM,2.455
12:43 PM,2.355
12:43 PM,2.685
12:43 PM,2.575
12:43 PM,2.575
12:43 PM,2.645
12:43 PM,2.445
12:43 PM,2.570
12:43 PM,2.605
12:43 PM,2.565
12:43 PM,2.465
12:43 PM,2.600
12:43 PM,2.425
12:43 PM,2.355
12:43 PM,2.445
12:43 PM,2.545
12:43 PM,2.595
12:43 PM,2.405
12:43 PM,2.545
12:43 PM,2.615
12:43 PM,2.385
12:43 PM,2.780
12:43 PM,2.615
12:43 PM,2.465
12:43 PM,2.585
12:44 PM,2.425
12:44 PM,2.425
12:44 PM,2.395
12:44 PM,2.715
12:44 PM,2.375
12:44 PM,2.435
12:44 PM,2.435
12:44 PM,2.435
12:44 PM,2.625
12:44 PM,2.610
12:44 PM,2.495
12:44 PM,2.525
12:44 PM,2.465
12:44 PM,2.425
12:44 PM,2.425
12:44 PM,2.435
12:44 PM,2.575
12:44 PM,2.465
12:44 PM,2.390
12:44 PM,2.395
12:44 PM,2.640
12:44 PM,2.455
12:44 PM,2.565
12:44 PM,2.565
12:44 PM,2.465
12:44 PM,2.440
12:44 PM,2.505
12:44 PM,2.535
12:44 PM,2.525
12:44 PM,2.535
12:44 PM,2.575
12:44 PM,2.655
12:45 PM,2.474
12:45 PM,2.415
12:45 PM,2.605
12:45 PM,2.395
12:45 PM,2.435
12:45 PM,2.585
12:45 PM,2.415
12:45 PM,2.525
12:45 PM,2.565
12:45 PM,2.495
12:45 PM,2.405
12:45 PM,2.595
12:45 PM,2.645
12:45 PM,2.450
12:45 PM,2.525
12:45 PM,2.625
12:45 PM,2.485
12:45 PM,2.625
12:45 PM,2.545
12:45 PM,2.625
12:45 PM,2.455
12:45 PM,2.485
12:45 PM,2.635
12:45 PM,2.455
12:45 PM,2.560
12:45 PM,2.495
12:45 PM,2.525
12:45 PM,2.455
12:45 PM,2.575
12:45 PM,2.350
12:45 PM,2.575
12:46 PM,2.585
12:46 PM,2.525
12:46 PM,2.480
12:46 PM,2.405
12:46 PM,2.625
12:46 PM,2.665
12:46 PM,2.475
12:46 PM,2.475
12:46 PM,2.615
12:46 PM,2.565
12:46 PM,2.395
12:46 PM,2.415
12:46 PM,2.525
12:46 PM,2.635
12:46 PM,2.470
12:46 PM,2.455
12:46 PM,2.395
12:46 PM,2.595
12:46 PM,2.565
12:46 PM,2.655
12:46 PM,2.565
12:46 PM,2.445
12:46 PM,2.425
12:46 PM,2.415
12:46 PM,2.585
12:46 PM,2.575
12:46 PM,2.665
12:46 PM,2.595
12:46 PM,2.425
12:46 PM,2.445
12:46 PM,2.515
12:47 PM,2.505
12:47 PM,2.515
12:47 PM,2.565
12:47 PM,2.445
12:47 PM,2.385
12:47 PM,2.435
12:47 PM,2.525
12:47 PM,2.525
12:47 PM,2.565
12:47 PM,2.535
12:47 PM,2.590
12:47 PM,2.535
12:47 PM,2.415
12:47 PM,2.425
12:47 PM,2.545
12:47 PM,2.485
12:47 PM,2.725
12:47 PM,2.635
12:47 PM,2.615
12:47 PM,2.685
12:47 PM,2.875
12:47 PM,2.515
12:47 PM,2.705
12:47 PM,2.345
12:47 PM,2.615
12:47 PM,2.525
12:47 PM,2.435
12:47 PM,2.595
12:48 PM,2.465
12:48 PM,2.575
12:48 PM,2.575
12:48 PM,2.645
12:48 PM,2.395
12:48 PM,2.455
12:48 PM,2.405
12:48 PM,2.415
12:48 PM,2.485
12:48 PM,2.555
12:48 PM,2.465
12:48 PM,2.435
12:48 PM,2.415
12:48 PM,2.545
12:48 PM,2.640
12:48 PM,2.455
12:48 PM,2.565
12:48 PM,2.635
12:48 PM,2.435
12:48 PM,2.525
12:48 PM,2.555
12:48 PM,2.585
12:48 PM,2.445
12:48 PM,2.715
12:48 PM,2.445
12:48 PM,2.405
12:48 PM,2.620
12:48 PM,2.435
12:49 PM,2.495
12:49 PM,2.625
12:49 PM,2.475
12:49 PM,2.460
12:49 PM,2.465
12:49 PM,2.425
12:49 PM,2.525
12:49 PM,2.535
12:49 PM,2.615
12:49 PM,2.485
12:49 PM,2.425
12:49 PM,2.445
12:49 PM,2.615
12:49 PM,2.655
12:49 PM,2.435
12:49 PM,2.645
12:49 PM,2.565
12:49 PM,2.465
12:49 PM,2.555
12:49 PM,2.595
12:49 PM,2.465
12:49 PM,2.415
12:50 PM,2.435
12:50 PM,2.635
12:53 PM,2.425
12:53 PM,2.435
12:53 PM,2.595
12:53 PM,2.435
12:53 PM,2.585
12:53 PM,2.465
12:53 PM,2.555
12:53 PM,2.635
12:53 PM,2.440
12:53 PM,2.675
12:53 PM,2.485
12:53 PM,2.465
12:53 PM,2.615
12:53 PM,2.445
12:53 PM,2.595
12:53 PM,2.465
12:54 PM,2.595
12:54 PM,2.385
12:54 PM,2.665
12:54 PM,2.535
12:54 PM,2.460
12:54 PM,2.395
12:54 PM,2.525
12:54 PM,2.575
12:54 PM,2.545
12:54 PM,2.465
12:54 PM,2.475
12:54 PM,2.585
12:54 PM,2.435
12:54 PM,2.515
12:54 PM,2.525
12:54 PM,2.505
12:54 PM,2.565
12:54 PM,2.395
12:54 PM,2.585
12:54 PM,2.495
12:54 PM,2.465
12:54 PM,2.485
12:54 PM,2.445
12:54 PM,2.585
12:54 PM,2.575
12:54 PM,2.485
12:55 PM,2.575
12:55 PM,2.625
12:55 PM,2.625
12:55 PM,2.545
12:55 PM,2.395
12:55 PM,2.615
12:55 PM,2.565
12:55 PM,2.605
12:55 PM,2.565
12:55 PM,2.395
12:55 PM,2.595
12:55 PM,2.715
12:55 PM,2.325
12:55 PM,2.585
12:56 PM,2.425
12:56 PM,2.365
12:56 PM,2.415
12:56 PM,2.405
12:56 PM,2.445
12:56 PM,2.295
12:56 PM,2.565
12:56 PM,2.325
12:56 PM,2.415
12:56 PM,2.275
12:56 PM,2.425
12:56 PM,2.515
12:57 PM,2.505
12:57 PM,2.565
12:57 PM,2.435
12:57 PM,2.385
12:57 PM,2.455
12:57 PM,2.615
12:57 PM,2.315
12:57 PM,2.555
12:57 PM,2.340
12:57 PM,2.465
12:57 PM,2.585
12:57 PM,2.545
12:57 PM,2.595
12:57 PM,2.605
12:57 PM,2.585
12:57 PM,2.305
12:57 PM,2.635
12:57 PM,2.435
12:57 PM,2.515
12:57 PM,2.405
12:57 PM,2.425
12:57 PM,2.310
12:57 PM,2.355
12:57 PM,2.445
12:58 PM,2.445
12:58 PM,2.635
12:58 PM,2.600
12:58 PM,2.665
12:58 PM,2.565
12:58 PM,2.485
12:58 PM,2.425
12:58 PM,2.345
12:58 PM,2.505
12:58 PM,2.525
12:58 PM,2.665
12:58 PM,2.565
12:58 PM,2.365
12:58 PM,2.405
12:58 PM,2.505
12:58 PM,2.435
12:58 PM,2.395
12:58 PM,2.425
12:58 PM,2.635
12:58 PM,2.375
12:58 PM,2.720
12:58 PM,2.785
12:58 PM,2.705
12:59 PM,2.515
12:59 PM,2.405
12:59 PM,2.585
12:59 PM,2.545
12:59 PM,2.725
12:59 PM,2.675
12:59 PM,2.465
12:59 PM,2.575
12:59 PM,2.355
12:59 PM,2.445
12:59 PM,2.565
12:59 PM,2.565
12:59 PM,2.445
12:59 PM,2.635
12:59 PM,2.465
12:59 PM,2.735
12:59 PM,2.565
12:59 PM,2.395
12:59 PM,2.655
12:59 PM,2.545
12:59 PM,2.255
12:59 PM,2.545
12:59 PM,2.555
12:59 PM,2.385
01:00 PM,2.645
01:00 PM,2.665
01:00 PM,2.405
01:00 PM,2.685
01:00 PM,2.575
01:00 PM,2.665
01:00 PM,2.625
01:00 PM,2.385
01:00 PM,2.545
01:00 PM,2.425
01:00 PM,2.595
01:00 PM,2.455
01:00 PM,2.585
01:00 PM,2.415
01:00 PM,2.445
01:00 PM,2.605
01:00 PM,2.595
01:01 PM,2.625
01:01 PM,2.685
01:01 PM,2.415
01:01 PM,2.600
01:01 PM,2.415
01:01 PM,2.595
01:01 PM,2.655
01:01 PM,2.645
01:01 PM,2.665
01:01 PM,2.765
01:01 PM,2.425
01:01 PM,2.385
01:01 PM,2.575
01:01 PM,2.375
01:01 PM,2.575
01:01 PM,2.565
01:01 PM,2.425
01:01 PM,2.565
01:01 PM,2.385
01:01 PM,2.425
01:02 PM,2.405
01:02 PM,2.585
01:02 PM,2.455
01:02 PM,2.675
01:02 PM,2.635
01:02 PM,2.425
01:02 PM,2.350
01:02 PM,2.645
01:02 PM,2.410
01:02 PM,2.680
01:02 PM,2.485
01:02 PM,2.465
01:02 PM,2.735
01:02 PM,2.725
01:02 PM,2.605
01:02 PM,2.585
01:02 PM,2.485
01:02 PM,2.475
01:02 PM,2.485
01:02 PM,2.330
01:02 PM,2.365
01:02 PM,2.575
01:03 PM,2.635
01:03 PM,2.445
01:03 PM,2.395
01:03 PM,2.375
01:03 PM,2.755
01:03 PM,2.430
01:03 PM,2.565
01:03 PM,2.535
01:03 PM,2.550
01:03 PM,2.475
01:03 PM,2.375
01:03 PM,2.445
01:03 PM,2.375
01:03 PM,2.555
01:03 PM,2.570
01:03 PM,2.655
01:03 PM,2.455
01:03 PM,2.605
01:04 PM,2.665
01:04 PM,2.535
01:04 PM,2.555
01:04 PM,2.535
01:04 PM,2.395
01:04 PM,2.605
01:04 PM,2.600
01:04 PM,2.435
01:04 PM,2.440
01:04 PM,2.425
01:04 PM,2.405
01:04 PM,2.665
01:05 PM,2.325
01:05 PM,2.495
01:05 PM,2.365
01:05 PM,2.375
01:05 PM,2.630
01:05 PM,2.625
01:05 PM,2.335
01:05 PM,2.645
01:05 PM,2.505
01:05 PM,2.415
01:05 PM,2.440
01:05 PM,2.535
01:05 PM,2.345
01:05 PM,2.375
01:05 PM,2.425
01:05 PM,2.460
01:05 PM,2.435
01:05 PM,2.735
01:05 PM,2.565
01:05 PM,2.335
01:05 PM,2.545
01:05 PM,2.385
01:06 PM,2.595
01:06 PM,2.565
01:06 PM,2.335
01:06 PM,2.745
01:06 PM,2.425
01:06 PM,2.605
01:06 PM,2.425
01:06 PM,2.385
01:06 PM,2.725
01:06 PM,2.575
01:06 PM,2.655
01:06 PM,2.635
01:06 PM,2.375
01:06 PM,2.445
01:06 PM,2.470
01:06 PM,2.425
01:06 PM,2.625
01:06 PM,2.365
01:06 PM,2.445
01:06 PM,2.685
01:07 PM,2.635
01:07 PM,2.565
01:07 PM,2.435
01:07 PM,2.665
01:07 PM,2.405
01:07 PM,2.545
01:07 PM,2.705
01:07 PM,2.555
01:07 PM,2.605
01:07 PM,2.615
01:07 PM,2.500
01:07 PM,2.485
01:07 PM,2.585
01:08 PM,2.435
01:08 PM,2.665
01:08 PM,2.615
01:08 PM,2.425
01:08 PM,2.300
01:10 PM,2.345
01:11 PM,2.335
01:11 PM,2.425
01:11 PM,2.625
01:11 PM,2.475
01:11 PM,2.435
01:11 PM,2.595
01:11 PM,2.575
01:11 PM,2.510
01:11 PM,2.305
01:11 PM,2.445
01:11 PM,2.595
01:11 PM,2.660
01:11 PM,2.385
01:11 PM,2.565
01:11 PM,2.645
01:11 PM,2.655
01:11 PM,2.595
01:11 PM,2.435
01:11 PM,2.425
01:12 PM,2.615
01:12 PM,2.415
01:12 PM,2.565
01:12 PM,2.495
01:12 PM,2.675
01:12 PM,2.385
01:12 PM,2.415
01:12 PM,2.565
01:12 PM,2.545
01:12 PM,2.555
01:13 PM,2.655
01:13 PM,2.375
01:13 PM,2.495
01:13 PM,2.685
01:13 PM,2.435
01:13 PM,2.465
01:13 PM,2.650
01:13 PM,2.485
01:13 PM,2.645
01:13 PM,2.295
01:13 PM,2.625
01:13 PM,2.625
01:13 PM,2.385
01:13 PM,2.675
01:13 PM,2.445
01:13 PM,2.335
01:13 PM,2.365
01:13 PM,2.685
01:13 PM,2.485
01:13 PM,2.455
01:13 PM,2.495
01:13 PM,2.465
01:14 PM,2.435
01:14 PM,2.355
01:14 PM,2.375
01:14 PM,2.545
01:14 PM,2.455
01:14 PM,2.415
01:14 PM,2.615
01:14 PM,2.555
01:14 PM,2.705
01:14 PM,2.455
01:14 PM,2.355
01:14 PM,2.420
01:14 PM,2.435
01:14 PM,2.455
01:14 PM,2.540
01:14 PM,2.425
01:14 PM,2.605
01:14 PM,2.430
01:14 PM,2.355
01:14 PM,2.615
01:14 PM,2.615
01:14 PM,2.475
01:14 PM,2.690
01:14 PM,2.345
01:14 PM,2.565
01:14 PM,2.425
01:14 PM,2.395
01:15 PM,2.655
01:15 PM,2.615
01:15 PM,2.585
01:15 PM,2.530
01:15 PM,2.515
01:15 PM,2.390
01:15 PM,2.545
01:15 PM,2.445
01:15 PM,2.335
01:17 PM,2.615
01:17 PM,2.465
01:17 PM,2.515
01:17 PM,2.430
01:17 PM,2.665
01:17 PM,2.605
01:17 PM,2.585
01:17 PM,2.425
01:22 PM,2.644
01:22 PM,2.625
01:22 PM,2.515
01:22 PM,2.685
01:22 PM,2.595
01:22 PM,2.455
01:22 PM,2.465
01:22 PM,2.445
01:22 PM,2.495
01:22 PM,2.615
01:22 PM,2.455
01:22 PM,2.655
01:22 PM,2.445
01:22 PM,2.480
01:22 PM,2.485
01:22 PM,2.435
01:22 PM,2.605
01:22 PM,0.000
01:22 PM,2.605
01:22 PM,2.555
01:22 PM,2.475
01:22 PM,2.405
01:22 PM,2.525
01:22 PM,2.315
01:23 PM,2.405
01:23 PM,2.525
01:23 PM,2.545
01:23 PM,2.525
01:23 PM,2.615
01:23 PM,2.585
01:23 PM,2.445
01:23 PM,2.455
01:23 PM,2.635
01:23 PM,2.605
01:23 PM,2.565
01:23 PM,2.585
01:23 PM,2.475
01:23 PM,2.545
01:23 PM,2.505
01:23 PM,2.575
01:23 PM,2.565
01:23 PM,2.535
01:23 PM,2.535
01:23 PM,2.495
01:23 PM,2.555
01:23 PM,2.565
01:24 PM,2.475
01:24 PM,2.635
01:24 PM,2.505
01:24 PM,2.485
01:24 PM,2.485
01:24 PM,2.485
01:24 PM,2.695
01:24 PM,2.495
01:24 PM,2.455
01:24 PM,2.645
01:24 PM,2.580
01:24 PM,2.585
01:24 PM,2.535
01:24 PM,2.605
01:24 PM,2.645
01:24 PM,2.475
01:24 PM,2.585
01:24 PM,2.505
01:24 PM,2.565
01:24 PM,2.325
01:24 PM,2.465
01:24 PM,2.465
01:24 PM,2.485
01:24 PM,2.615
01:24 PM,2.455
01:24 PM,2.455
01:24 PM,2.455
01:24 PM,2.465
01:25 PM,2.515
01:25 PM,2.615
01:25 PM,2.600
01:25 PM,2.715
01:25 PM,2.410
01:25 PM,2.565
01:25 PM,2.615
01:25 PM,2.495
01:25 PM,2.455
01:25 PM,2.445
01:25 PM,2.465
01:25 PM,2.455
01:25 PM,2.475
01:25 PM,2.445
01:25 PM,2.650
01:25 PM,2.605
01:25 PM,2.565
01:25 PM,2.405
01:25 PM,2.430
01:25 PM,2.465
01:25 PM,2.515
01:25 PM,2.355
01:26 PM,2.545
01:26 PM,2.535
01:26 PM,2.445
01:26 PM,2.495
01:26 PM,2.575
01:26 PM,2.525
01:26 PM,2.415
01:26 PM,2.545
01:26 PM,2.565
01:26 PM,2.635
01:26 PM,2.635
01:26 PM,2.475
01:26 PM,2.475
01:26 PM,2.405
01:26 PM,2.565
01:26 PM,2.615
01:26 PM,2.445
01:26 PM,2.605
01:26 PM,2.455
01:26 PM,2.515
01:26 PM,2.455
01:26 PM,2.655
01:26 PM,2.695
01:26 PM,2.435
01:26 PM,2.475
01:27 PM,2.615
01:27 PM,2.575
01:27 PM,2.635
01:27 PM,2.455
01:27 PM,2.605
01:27 PM,2.545
01:27 PM,2.545
01:27 PM,2.525
01:27 PM,2.555
01:27 PM,2.555
01:27 PM,2.615
01:27 PM,2.445
01:27 PM,2.490
01:27 PM,2.485
01:27 PM,2.565
01:27 PM,2.455
01:27 PM,2.525
01:27 PM,2.565
01:27 PM,2.495
01:27 PM,2.495
01:27 PM,2.515
01:27 PM,2.375
01:28 PM,2.595
01:28 PM,2.415
01:28 PM,2.605
01:28 PM,2.405
01:28 PM,2.375
01:28 PM,2.465
01:28 PM,2.585
01:28 PM,2.585
01:28 PM,2.445
01:28 PM,2.585
01:28 PM,2.365
01:28 PM,2.375
01:28 PM,2.685
01:28 PM,2.505
01:28 PM,2.545
01:28 PM,2.585
01:28 PM,2.505
01:28 PM,2.525
01:28 PM,2.435
01:28 PM,2.435
01:28 PM,2.514
01:28 PM,2.575
01:28 PM,2.535
01:28 PM,2.485
01:28 PM,2.645
01:29 PM,2.635
01:29 PM,2.785
01:29 PM,2.720
01:29 PM,2.545
01:29 PM,2.465
01:29 PM,2.550
01:29 PM,2.495
01:29 PM,2.565
01:29 PM,2.445
01:29 PM,2.375
01:29 PM,2.585
01:29 PM,2.395
01:29 PM,2.455
01:29 PM,2.475
01:29 PM,2.475
01:29 PM,2.605
01:29 PM,2.385
01:29 PM,2.475
01:29 PM,2.565
01:29 PM,2.435
01:29 PM,2.655
01:29 PM,2.615
01:29 PM,2.565
01:29 PM,2.670
01:29 PM,2.485
01:29 PM,2.675
01:30 PM,2.555
01:30 PM,2.475
01:30 PM,2.405
01:30 PM,2.545
01:30 PM,2.505
01:30 PM,2.465
01:30 PM,2.625
01:30 PM,2.475
01:30 PM,2.535
01:30 PM,2.565
01:30 PM,2.445
01:30 PM,2.475
01:30 PM,2.665
01:30 PM,2.480
01:30 PM,2.615
01:30 PM,2.555
01:30 PM,2.455
01:30 PM,2.445
01:30 PM,2.455
01:30 PM,2.475
01:30 PM,2.520
01:30 PM,2.475
01:30 PM,2.535
01:31 PM,2.495
01:31 PM,2.505
01:31 PM,2.355
01:31 PM,2.505
01:31 PM,2.625
01:31 PM,2.625
01:31 PM,2.475
01:31 PM,2.560
01:31 PM,2.475
01:31 PM,2.575
01:31 PM,2.605
01:31 PM,2.445
01:31 PM,2.535
01:31 PM,2.545
01:31 PM,2.425
01:31 PM,2.520
01:31 PM,2.405
01:31 PM,2.605
01:31 PM,2.515
01:31 PM,2.605
01:31 PM,2.535
01:31 PM,2.655
01:31 PM,2.535
01:31 PM,2.554
01:31 PM,2.555
01:31 PM,2.425
01:31 PM,2.355
01:32 PM,2.565
01:32 PM,2.435
01:32 PM,2.495
01:32 PM,2.525
01:32 PM,2.365
01:32 PM,2.565
01:32 PM,2.555
01:32 PM,2.465
01:32 PM,2.655
01:32 PM,2.570
01:32 PM,2.485
01:32 PM,2.475
01:32 PM,2.685
01:32 PM,2.655
01:32 PM,2.425
01:32 PM,2.560
01:32 PM,2.525
01:32 PM,2.385
01:32 PM,2.455
01:32 PM,2.555
01:32 PM,2.455
01:32 PM,2.345
01:32 PM,2.505
01:32 PM,2.425
01:32 PM,2.505
01:33 PM,2.405
01:33 PM,2.515
01:33 PM,2.515
01:33 PM,2.395
01:33 PM,2.405
01:33 PM,2.465
01:33 PM,2.425
01:33 PM,2.595
01:33 PM,2.555
01:33 PM,2.545
01:33 PM,2.445
01:33 PM,2.495
01:33 PM,2.555
01:33 PM,2.425
01:33 PM,2.495
01:33 PM,2.585
01:33 PM,2.415
01:33 PM,2.495
01:33 PM,2.615
01:33 PM,2.545
01:33 PM,2.335
01:33 PM,2.475
01:33 PM,2.525
01:33 PM,2.615
01:34 PM,2.485
01:34 PM,2.455
01:34 PM,2.465
01:34 PM,2.625
01:34 PM,2.625
01:34 PM,2.485
01:34 PM,2.685
01:34 PM,2.360
01:34 PM,2.455
01:34 PM,2.615
01:34 PM,2.385
01:34 PM,2.435
01:35 PM,2.555
01:35 PM,2.385
01:35 PM,2.625
01:35 PM,2.355
01:35 PM,2.635
01:35 PM,2.595
01:35 PM,2.535
01:35 PM,2.415
01:36 PM,2.525
01:36 PM,2.385
01:36 PM,2.515
01:36 PM,2.395
01:36 PM,2.430
01:36 PM,2.365
01:36 PM,2.455
01:36 PM,2.455
01:36 PM,2.455
01:36 PM,2.515
01:36 PM,2.625
01:36 PM,2.475
01:36 PM,2.595
01:36 PM,2.450
01:36 PM,2.485
01:36 PM,2.515
01:36 PM,2.375
01:36 PM,2.565
01:36 PM,2.425
01:36 PM,2.545
01:36 PM,2.565
01:36 PM,2.425
01:36 PM,2.515
01:36 PM,2.655
01:36 PM,2.645
01:37 PM,2.615
01:37 PM,2.385
01:37 PM,2.575
01:37 PM,2.495
01:37 PM,2.485
01:37 PM,2.465
01:37 PM,2.405
01:37 PM,2.455
01:37 PM,2.475
01:37 PM,2.595
01:37 PM,2.660
01:37 PM,2.475
01:37 PM,2.425
01:37 PM,2.725
01:37 PM,2.535
01:37 PM,2.375
01:37 PM,2.415
01:37 PM,2.670
01:37 PM,2.495
01:37 PM,2.505
01:37 PM,2.635
01:37 PM,2.505
01:37 PM,2.695
01:37 PM,2.575
01:37 PM,2.495
01:37 PM,2.385
01:37 PM,2.410
01:38 PM,2.485
01:38 PM,2.475
01:38 PM,2.475
01:38 PM,2.400
01:38 PM,2.455
01:38 PM,2.385
01:38 PM,2.425
01:38 PM,2.435
01:38 PM,2.595
01:38 PM,2.695
01:38 PM,2.635
01:38 PM,2.485
01:38 PM,2.565
01:38 PM,2.534
01:38 PM,2.485
01:38 PM,2.665
01:38 PM,2.435
01:38 PM,2.495
01:38 PM,2.505
01:38 PM,2.525
01:38 PM,2.495
01:38 PM,2.485
01:38 PM,2.465
01:38 PM,2.535
01:38 PM,2.435
01:39 PM,2.335
01:39 PM,2.475
01:39 PM,2.435
01:39 PM,2.505
01:39 PM,2.705
01:39 PM,2.615
01:39 PM,2.485
01:39 PM,2.345
01:40 PM,2.515
01:40 PM,2.525
01:40 PM,2.665
01:43 PM,2.515
01:43 PM,2.595
01:43 PM,2.575
01:43 PM,2.605
01:43 PM,2.565
01:43 PM,2.445
01:43 PM,2.545
01:43 PM,2.485
01:43 PM,2.545
01:44 PM,2.625
01:44 PM,2.455
01:44 PM,2.415
01:44 PM,2.435
01:44 PM,2.485
01:44 PM,2.405
01:44 PM,2.385
01:44 PM,2.615
01:44 PM,2.595
01:44 PM,2.545
01:44 PM,2.525
01:44 PM,2.625
01:44 PM,2.475
01:44 PM,2.510
01:44 PM,2.715
01:44 PM,2.475
01:44 PM,2.435
01:45 PM,2.615
01:45 PM,2.575
01:45 PM,2.561
01:45 PM,2.615
01:45 PM,2.415
01:45 PM,2.535
01:45 PM,2.425
01:45 PM,2.515
01:45 PM,2.645
01:45 PM,2.475
01:45 PM,2.430
01:45 PM,2.455
01:45 PM,2.485
01:45 PM,2.565
01:45 PM,2.405
01:45 PM,2.485
01:45 PM,2.445
01:45 PM,2.455
01:45 PM,2.475
01:45 PM,2.605
01:45 PM,2.595
01:45 PM,2.515
01:46 PM,2.395
01:46 PM,2.555
01:46 PM,2.515
01:46 PM,2.585
01:46 PM,2.665
01:46 PM,2.515
01:46 PM,2.465
01:46 PM,2.595
01:46 PM,2.485
01:46 PM,2.455
01:46 PM,2.505
01:46 PM,2.615
01:46 PM,2.550
01:46 PM,2.415
01:46 PM,2.415
01:46 PM,2.545
01:46 PM,2.575
01:46 PM,2.485
01:46 PM,2.475
01:46 PM,2.645
01:46 PM,2.485
01:47 PM,2.485
01:47 PM,2.395
01:47 PM,2.435
01:47 PM,2.535
01:47 PM,2.645
01:47 PM,2.615
01:47 PM,2.595
01:47 PM,2.475
01:47 PM,2.475
01:47 PM,2.375
01:47 PM,2.525
01:47 PM,2.465
01:47 PM,2.565
01:47 PM,2.600
01:47 PM,2.565
01:47 PM,2.415
01:47 PM,2.475
01:47 PM,2.495
01:47 PM,2.635
01:47 PM,2.585
01:48 PM,2.575
01:48 PM,2.565
01:48 PM,2.595
01:48 PM,2.420
01:48 PM,2.395
01:48 PM,2.535
01:48 PM,2.530
01:48 PM,2.465
01:48 PM,2.445
01:48 PM,2.505
01:48 PM,2.505
01:48 PM,2.485
01:48 PM,2.525
01:48 PM,2.325
01:48 PM,2.565
01:48 PM,2.435
01:48 PM,2.405
01:48 PM,2.535
01:48 PM,2.615
01:48 PM,2.755
01:48 PM,2.495
01:48 PM,2.475
01:48 PM,2.455
01:48 PM,2.475
01:48 PM,2.515
01:48 PM,2.465
01:48 PM,2.485
01:48 PM,2.555
01:48 PM,2.425
01:48 PM,2.485
01:48 PM,2.365
01:49 PM,2.525
01:49 PM,2.635
01:49 PM,2.445
01:49 PM,2.605
01:49 PM,2.605
01:49 PM,2.655
01:49 PM,2.435
01:49 PM,2.435
01:49 PM,2.585
01:49 PM,2.385
01:49 PM,2.465
01:49 PM,2.585
01:49 PM,2.445
01:49 PM,2.565
01:49 PM,2.675
01:49 PM,2.645
01:49 PM,2.395
01:49 PM,2.555
01:49 PM,2.575
01:49 PM,2.545
01:49 PM,2.415
01:49 PM,2.480
01:49 PM,2.655
01:49 PM,2.405
01:49 PM,2.385
01:49 PM,2.435
01:49 PM,2.715
01:49 PM,2.505
01:50 PM,2.575
01:50 PM,2.455
01:50 PM,2.415
01:50 PM,2.445
01:50 PM,2.615
01:50 PM,2.705
01:50 PM,2.415
01:50 PM,2.515
01:50 PM,2.545
01:50 PM,2.455
01:50 PM,2.525
01:50 PM,2.325
01:50 PM,2.435
01:50 PM,2.365
01:50 PM,2.465
01:50 PM,2.605
01:50 PM,2.615
01:50 PM,2.475
01:50 PM,2.565
01:50 PM,2.485
01:50 PM,2.655
01:50 PM,2.595
01:50 PM,2.445
01:50 PM,2.575
01:50 PM,2.685
01:50 PM,2.385
01:50 PM,2.460
01:50 PM,2.465
01:51 PM,2.555
01:51 PM,2.415
01:51 PM,2.635
01:51 PM,2.425
01:51 PM,2.475
01:51 PM,2.555
01:51 PM,2.545
01:51 PM,2.465
01:52 PM,2.460
01:52 PM,2.655
01:52 PM,2.695
01:52 PM,2.455
01:52 PM,2.465
01:52 PM,2.605
01:52 PM,2.435
01:52 PM,2.475
01:52 PM,2.655
01:52 PM,2.465
01:52 PM,2.305
01:52 PM,2.625
01:52 PM,2.505
01:52 PM,2.385
01:53 PM,2.465
01:53 PM,2.645
01:53 PM,2.495
01:53 PM,2.525
01:53 PM,2.370
01:53 PM,2.645
01:53 PM,2.534
01:53 PM,2.335
01:53 PM,2.725
01:53 PM,2.405
01:53 PM,2.375
01:53 PM,2.775
01:53 PM,2.495
01:53 PM,2.445
01:53 PM,2.415
01:53 PM,2.515
01:53 PM,2.575
01:53 PM,2.775
01:53 PM,2.595
01:53 PM,2.675
01:53 PM,2.675
01:53 PM,2.600
01:53 PM,2.485
01:54 PM,2.335
01:54 PM,2.665
01:54 PM,2.440
01:54 PM,2.625
01:54 PM,2.645
01:54 PM,2.635
01:54 PM,2.475
01:54 PM,2.355
01:54 PM,2.635
01:54 PM,2.470
01:54 PM,2.295
01:54 PM,2.495
01:54 PM,2.525
01:54 PM,2.805
01:54 PM,2.445
01:54 PM,2.495
01:54 PM,2.635
01:54 PM,2.395
01:54 PM,2.485
01:54 PM,2.265
01:54 PM,2.615
01:54 PM,2.315
01:54 PM,2.515
01:54 PM,2.495
01:54 PM,2.325
01:54 PM,2.375
01:55 PM,2.525
01:55 PM,2.415
01:55 PM,2.485
01:55 PM,2.625
01:55 PM,2.650
01:55 PM,2.415
01:55 PM,2.445
01:55 PM,2.515
01:55 PM,2.540
01:55 PM,2.550
01:55 PM,2.415
01:55 PM,2.385
01:55 PM,2.275
01:55 PM,2.575
01:55 PM,2.475
01:55 PM,2.665
01:55 PM,2.505
01:55 PM,2.420
01:55 PM,2.455
01:55 PM,2.415
01:55 PM,2.560
01:55 PM,2.655
01:55 PM,2.485
01:55 PM,2.565
01:55 PM,2.535
01:55 PM,2.455
01:55 PM,2.485
01:56 PM,2.550
01:56 PM,2.525
01:56 PM,2.465
01:56 PM,2.535
01:56 PM,2.395
01:56 PM,2.635
01:56 PM,2.495
01:56 PM,2.385
01:56 PM,2.795
01:56 PM,2.455
01:56 PM,2.285
01:56 PM,2.485
01:56 PM,2.675
01:56 PM,2.375
01:56 PM,2.635
01:56 PM,2.565
01:56 PM,2.365
01:56 PM,2.625
01:56 PM,2.695
01:56 PM,2.575
01:56 PM,2.485
01:56 PM,2.565
01:56 PM,2.445
01:56 PM,2.395
01:56 PM,2.395
01:56 PM,2.405
01:56 PM,2.515
01:56 PM,2.725
01:57 PM,2.375
01:57 PM,2.610
01:57 PM,2.475
01:57 PM,2.355
01:57 PM,2.635
01:57 PM,2.575
01:57 PM,2.445
01:57 PM,2.385
01:57 PM,2.395
01:57 PM,2.505
01:57 PM,2.355
01:57 PM,2.455
01:57 PM,2.455
01:57 PM,2.465
01:57 PM,2.565
01:57 PM,2.465
01:57 PM,2.485
01:57 PM,2.605
01:57 PM,2.495
01:57 PM,2.360
01:57 PM,2.555
01:57 PM,2.635
01:57 PM,2.525
01:57 PM,2.475
01:57 PM,2.375
01:57 PM,2.485
01:57 PM,2.485
01:58 PM,2.400
01:58 PM,2.465
01:58 PM,2.355
01:58 PM,2.445
01:58 PM,2.635
01:58 PM,2.435
01:58 PM,2.720
01:58 PM,2.375
01:58 PM,2.695
01:58 PM,2.465
01:58 PM,2.435
01:58 PM,2.505
01:58 PM,2.415
01:58 PM,2.625
